,episode,make_span,reward,min make span
0,0.0,3263.0,-111.38383838383868,3263.0
1,0.0,3427.0,-136.2323232323235,3263.0
2,0.0,3385.0,-129.86868686868715,3263.0
3,0.0,3280.0,-113.95959595959617,3263.0
4,0.0,3394.0,-131.23232323232355,3263.0
5,0.0,3638.0,-168.20202020202044,3263.0
6,0.0,3348.0,-124.26262626262655,3263.0
7,0.0,3320.0,-120.02020202020228,3263.0
8,0.0,3283.0,-114.41414141414158,3263.0
9,1.0,3391.0,-130.77777777777803,3263.0
10,1.0,3481.0,-144.41414141414157,3263.0
11,1.0,3570.0,-157.89898989899007,3263.0
12,1.0,3391.0,-130.77777777777803,3263.0
13,1.0,3412.0,-133.95959595959624,3263.0
14,1.0,3614.0,-164.56565656565678,3263.0
15,1.0,3521.0,-150.47474747474766,3263.0
16,1.0,3520.0,-150.32323232323262,3263.0
17,1.0,3435.0,-137.4444444444447,3263.0
18,2.0,3261.0,-111.08080808080831,3261.0
19,2.0,3375.0,-128.35353535353556,3261.0
20,2.0,3147.0,-93.80808080808107,3147.0
21,2.0,3242.0,-108.2020202020204,3147.0
22,2.0,3482.0,-144.5656565656569,3147.0
23,2.0,3269.0,-112.29292929292947,3147.0
24,2.0,3696.0,-176.9898989898993,3147.0
25,2.0,3529.0,-151.6868686868689,3147.0
26,2.0,3412.0,-133.95959595959624,3147.0
27,3.0,3559.0,-156.2323232323234,3147.0
28,3.0,3460.0,-141.23232323232344,3147.0
29,3.0,3462.0,-141.5353535353538,3147.0
30,3.0,3445.0,-138.95959595959621,3147.0
31,3.0,3306.0,-117.89898989899015,3147.0
32,3.0,3434.0,-137.29292929292953,3147.0
33,3.0,3562.0,-156.6868686868689,3147.0
34,3.0,3484.0,-144.86868686868715,3147.0
35,3.0,3251.0,-109.56565656565675,3147.0
36,4.0,3382.0,-129.41414141414168,3147.0
37,4.0,3286.0,-114.868686868687,3147.0
38,4.0,3371.0,-127.74747474747494,3147.0
39,4.0,3530.0,-151.838383838384,3147.0
40,4.0,3384.0,-129.71717171717196,3147.0
41,4.0,3438.0,-137.89898989899012,3147.0
42,4.0,3427.0,-136.23232323232344,3147.0
43,4.0,3519.0,-150.1717171717174,3147.0
44,4.0,3518.0,-150.02020202020228,3147.0
45,5.0,3618.0,-165.17171717171738,3147.0
46,5.0,3560.0,-156.3838383838386,3147.0
47,5.0,3417.0,-134.71717171717188,3147.0
48,5.0,3528.0,-151.53535353535372,3147.0
49,5.0,3383.0,-129.56565656565678,3147.0
50,5.0,3346.0,-123.95959595959617,3147.0
51,5.0,3629.0,-166.83838383838403,3147.0
52,5.0,3405.0,-132.89898989899015,3147.0
53,5.0,3546.0,-154.26262626262647,3147.0
54,6.0,3404.0,-132.747474747475,3147.0
55,6.0,3689.0,-175.92929292929315,3147.0
56,6.0,3369.0,-127.44444444444466,3147.0
57,6.0,3632.0,-167.29292929292956,3147.0
58,6.0,3366.0,-126.98989898989925,3147.0
59,6.0,3532.0,-152.1414141414144,3147.0
60,6.0,3371.0,-127.74747474747501,3147.0
61,6.0,3621.0,-165.62626262626287,3147.0
62,6.0,3569.0,-157.74747474747505,3147.0
63,7.0,3380.0,-129.1111111111114,3147.0
64,7.0,3474.0,-143.3535353535356,3147.0
65,7.0,3357.0,-125.62626262626293,3147.0
66,7.0,3434.0,-137.29292929292956,3147.0
67,7.0,3557.0,-155.92929292929318,3147.0
68,7.0,3183.0,-99.26262626262644,3147.0
69,7.0,3459.0,-141.0808080808083,3147.0
70,7.0,3332.0,-121.8383838383841,3147.0
71,7.0,3471.0,-142.89898989899007,3147.0
72,8.0,3325.0,-120.77777777777804,3147.0
73,8.0,3224.0,-105.47474747474764,3147.0
74,8.0,3387.0,-130.1717171717174,3147.0
75,8.0,3222.0,-105.17171717171735,3147.0
76,8.0,3440.0,-138.20202020202044,3147.0
77,8.0,3595.0,-161.68686868686902,3147.0
78,8.0,3448.0,-139.4141414141417,3147.0
79,8.0,3363.0,-126.53535353535374,3147.0
80,8.0,3441.0,-138.35353535353562,3147.0
81,9.0,3440.0,-138.20202020202055,3147.0
82,9.0,3505.0,-148.0505050505053,3147.0
83,9.0,3297.0,-116.53535353535375,3147.0
84,9.0,3533.0,-152.29292929292947,3147.0
85,9.0,3405.0,-132.89898989899012,3147.0
86,9.0,3601.0,-162.5959595959598,3147.0
87,9.0,3437.0,-137.74747474747497,3147.0
88,9.0,3268.0,-112.14141414141437,3147.0
89,9.0,3516.0,-149.71717171717205,3147.0
90,10.0,3336.0,-122.44444444444471,3147.0
91,10.0,3410.0,-133.65656565656593,3147.0
92,10.0,3371.0,-127.74747474747498,3147.0
93,10.0,3456.0,-140.62626262626287,3147.0
94,10.0,3309.0,-118.3535353535356,3147.0
95,10.0,3475.0,-143.50505050505075,3147.0
96,10.0,3324.0,-120.62626262626287,3147.0
97,10.0,3462.0,-141.53535353535375,3147.0
98,10.0,3370.0,-127.5959595959598,3147.0
99,11.0,3426.0,-136.08080808080837,3147.0
100,11.0,3489.0,-145.62626262626293,3147.0
101,11.0,3352.0,-124.86868686868709,3147.0
102,11.0,3520.0,-150.32323232323265,3147.0
103,11.0,3374.0,-128.2020202020204,3147.0
104,11.0,3254.0,-110.02020202020215,3147.0
105,11.0,3438.0,-137.89898989899007,3147.0
106,11.0,3487.0,-145.32323232323256,3147.0
107,11.0,3603.0,-162.89898989899015,3147.0
108,12.0,3428.0,-136.3838383838386,3147.0
109,12.0,3470.0,-142.74747474747494,3147.0
110,12.0,3361.0,-126.23232323232355,3147.0
111,12.0,3327.0,-121.08080808080835,3147.0
112,12.0,3374.0,-128.20202020202046,3147.0
113,12.0,3567.0,-157.44444444444463,3147.0
114,12.0,3333.0,-121.98989898989922,3147.0
115,12.0,3358.0,-125.77777777777804,3147.0
116,12.0,3462.0,-141.5353535353537,3147.0
117,13.0,3478.0,-143.9595959595962,3147.0
118,13.0,3284.0,-114.56565656565684,3147.0
119,13.0,3539.0,-153.20202020202046,3147.0
120,13.0,3596.0,-161.83838383838403,3147.0
121,13.0,3281.0,-114.11111111111126,3147.0
122,13.0,3416.0,-134.56565656565687,3147.0
123,13.0,3314.0,-119.1111111111113,3147.0
124,13.0,3371.0,-127.747474747475,3147.0
125,13.0,3344.0,-123.65656565656595,3147.0
126,14.0,3438.0,-137.89898989899012,3147.0
127,14.0,3339.0,-122.8989898989901,3147.0
128,14.0,3357.0,-125.62626262626293,3147.0
129,14.0,3500.0,-147.29292929292959,3147.0
130,14.0,3462.0,-141.53535353535375,3147.0
131,14.0,3367.0,-127.14141414141434,3147.0
132,14.0,3649.0,-169.86868686868712,3147.0
133,14.0,3488.0,-145.4747474747477,3147.0
134,14.0,3392.0,-130.92929292929313,3147.0
135,15.0,3345.0,-123.80808080808112,3147.0
136,15.0,3331.0,-121.68686868686883,3147.0
137,15.0,3492.0,-146.08080808080837,3147.0
138,15.0,3728.0,-181.8383838383841,3147.0
139,15.0,3395.0,-131.3838383838386,3147.0
140,15.0,3486.0,-145.17171717171743,3147.0
141,15.0,3621.0,-165.62626262626293,3147.0
142,15.0,3362.0,-126.38383838383861,3147.0
143,15.0,3364.0,-126.68686868686895,3147.0
144,16.0,3417.0,-134.7171717171719,3147.0
145,16.0,3449.0,-139.5656565656569,3147.0
146,16.0,3436.0,-137.59595959595984,3147.0
147,16.0,3752.0,-185.4747474747477,3147.0
148,16.0,3399.0,-131.98989898989913,3147.0
149,16.0,3550.0,-154.86868686868723,3147.0
150,16.0,3598.0,-162.14141414141426,3147.0
151,16.0,3276.0,-113.35353535353559,3147.0
152,16.0,3616.0,-164.86868686868712,3147.0
153,17.0,3279.0,-113.80808080808097,3147.0
154,17.0,3465.0,-141.98989898989925,3147.0
155,17.0,3447.0,-139.26262626262653,3147.0
156,17.0,3552.0,-155.17171717171735,3147.0
157,17.0,3512.0,-149.11111111111146,3147.0
158,17.0,3329.0,-121.38383838383861,3147.0
159,17.0,3555.0,-155.6262626262628,3147.0
160,17.0,3501.0,-147.44444444444468,3147.0
161,17.0,3662.0,-171.8383838383841,3147.0
162,18.0,3353.0,-125.02020202020229,3147.0
163,18.0,3423.0,-135.62626262626287,3147.0
164,18.0,3503.0,-147.747474747475,3147.0
165,18.0,3419.0,-135.0202020202023,3147.0
166,18.0,3437.0,-137.74747474747497,3147.0
167,18.0,3505.0,-148.05050505050534,3147.0
168,18.0,3395.0,-131.38383838383868,3147.0
169,18.0,3413.0,-134.11111111111143,3147.0
170,18.0,3366.0,-126.98989898989916,3147.0
171,19.0,3383.0,-129.56565656565675,3147.0
172,19.0,3454.0,-140.32323232323247,3147.0
173,19.0,3568.0,-157.59595959595987,3147.0
174,19.0,3299.0,-116.83838383838412,3147.0
175,19.0,3521.0,-150.47474747474777,3147.0
176,19.0,3432.0,-136.98989898989927,3147.0
177,19.0,3506.0,-148.2020202020205,3147.0
178,19.0,3505.0,-148.05050505050525,3147.0
179,19.0,3530.0,-151.838383838384,3147.0
180,20.0,3359.0,-125.92929292929325,3147.0
181,20.0,3549.0,-154.71717171717196,3147.0
182,20.0,3433.0,-137.1414141414145,3147.0
183,20.0,3316.0,-119.41414141414164,3147.0
184,20.0,3425.0,-135.9292929292932,3147.0
185,20.0,3394.0,-131.23232323232347,3147.0
186,20.0,3539.0,-153.20202020202038,3147.0
187,20.0,3365.0,-126.838383838384,3147.0
188,20.0,3442.0,-138.50505050505072,3147.0
189,21.0,3349.0,-124.41414141414162,3147.0
190,21.0,3528.0,-151.53535353535383,3147.0
191,21.0,3505.0,-148.0505050505053,3147.0
192,21.0,3303.0,-117.4444444444446,3147.0
193,21.0,3249.0,-109.26262626262654,3147.0
194,21.0,3606.0,-163.3535353535356,3147.0
195,21.0,3569.0,-157.74747474747502,3147.0
196,21.0,3474.0,-143.35353535353565,3147.0
197,21.0,3278.0,-113.6565656565659,3147.0
198,22.0,3608.0,-163.65656565656587,3147.0
199,22.0,3414.0,-134.26262626262644,3147.0
200,22.0,3383.0,-129.56565656565692,3147.0
201,22.0,3576.0,-158.8080808080811,3147.0
202,22.0,3481.0,-144.41414141414168,3147.0
203,22.0,3412.0,-133.95959595959624,3147.0
204,22.0,3409.0,-133.50505050505072,3147.0
205,22.0,3603.0,-162.89898989899015,3147.0
206,22.0,3417.0,-134.71717171717202,3147.0
207,23.0,3266.0,-111.83838383838412,3147.0
208,23.0,3405.0,-132.89898989899007,3147.0
209,23.0,3328.0,-121.23232323232352,3147.0
210,23.0,3533.0,-152.2929292929295,3147.0
211,23.0,3668.0,-172.74747474747502,3147.0
212,23.0,3535.0,-152.5959595959598,3147.0
213,23.0,3456.0,-140.62626262626287,3147.0
214,23.0,3437.0,-137.74747474747497,3147.0
215,23.0,3377.0,-128.65656565656593,3147.0
216,24.0,3303.0,-117.4444444444447,3147.0
217,24.0,3506.0,-148.20202020202046,3147.0
218,24.0,3390.0,-130.62626262626284,3147.0
219,24.0,3444.0,-138.80808080808106,3147.0
220,24.0,3353.0,-125.02020202020222,3147.0
221,24.0,3261.0,-111.0808080808083,3147.0
222,24.0,3282.0,-114.26262626262643,3147.0
223,24.0,3363.0,-126.53535353535374,3147.0
224,24.0,3446.0,-139.11111111111148,3147.0
225,25.0,3490.0,-145.77777777777808,3147.0
226,25.0,3363.0,-126.5353535353538,3147.0
227,25.0,3388.0,-130.32323232323267,3147.0
228,25.0,3212.0,-103.65656565656586,3147.0
229,25.0,3480.0,-144.26262626262653,3147.0
230,25.0,3503.0,-147.747474747475,3147.0
231,25.0,3436.0,-137.59595959595976,3147.0
232,25.0,3488.0,-145.47474747474766,3147.0
233,25.0,3546.0,-154.26262626262647,3147.0
234,26.0,3555.0,-155.62626262626287,3147.0
235,26.0,3433.0,-137.14141414141437,3147.0
236,26.0,3360.0,-126.08080808080825,3147.0
237,26.0,3601.0,-162.59595959595993,3147.0
238,26.0,3452.0,-140.02020202020228,3147.0
239,26.0,3438.0,-137.89898989899015,3147.0
240,26.0,3532.0,-152.14141414141446,3147.0
241,26.0,3335.0,-122.29292929292956,3147.0
242,26.0,3500.0,-147.2929292929295,3147.0
243,27.0,3331.0,-121.68686868686895,3147.0
244,27.0,3490.0,-145.77777777777806,3147.0
245,27.0,3413.0,-134.1111111111113,3147.0
246,27.0,3404.0,-132.74747474747497,3147.0
247,27.0,3596.0,-161.83838383838417,3147.0
248,27.0,3429.0,-136.53535353535375,3147.0
249,27.0,3354.0,-125.17171717171738,3147.0
250,27.0,3408.0,-133.3535353535357,3147.0
251,27.0,3498.0,-146.98989898989933,3147.0
252,28.0,3548.0,-154.56565656565684,3147.0
253,28.0,3454.0,-140.32323232323245,3147.0
254,28.0,3343.0,-123.50505050505072,3147.0
255,28.0,3433.0,-137.1414141414145,3147.0
256,28.0,3396.0,-131.53535353535378,3147.0
257,28.0,3516.0,-149.71717171717196,3147.0
258,28.0,3555.0,-155.62626262626284,3147.0
259,28.0,3384.0,-129.71717171717196,3147.0
260,28.0,3477.0,-143.80808080808106,3147.0
261,29.0,3210.0,-103.3535353535356,3147.0
262,29.0,3346.0,-123.95959595959614,3147.0
263,29.0,3384.0,-129.717171717172,3147.0
264,29.0,3429.0,-136.5353535353538,3147.0
265,29.0,3597.0,-161.98989898989925,3147.0
266,29.0,3511.0,-148.95959595959621,3147.0
267,29.0,3402.0,-132.44444444444466,3147.0
268,29.0,3455.0,-140.47474747474777,3147.0
269,29.0,3437.0,-137.7474747474749,3147.0
270,30.0,3328.0,-121.2323232323234,3147.0
271,30.0,3535.0,-152.59595959595995,3147.0
272,30.0,3289.0,-115.32323232323249,3147.0
273,30.0,3260.0,-110.92929292929318,3147.0
274,30.0,3461.0,-141.38383838383854,3147.0
275,30.0,3444.0,-138.80808080808103,3147.0
276,30.0,3428.0,-136.38383838383862,3147.0
277,30.0,3442.0,-138.5050505050507,3147.0
278,30.0,3577.0,-158.95959595959621,3147.0
279,31.0,3450.0,-139.7171717171719,3147.0
280,31.0,3413.0,-134.11111111111137,3147.0
281,31.0,3409.0,-133.50505050505072,3147.0
282,31.0,3256.0,-110.32323232323249,3147.0
283,31.0,3507.0,-148.35353535353556,3147.0
284,31.0,3362.0,-126.38383838383851,3147.0
285,31.0,3303.0,-117.4444444444447,3147.0
286,31.0,3558.0,-156.08080808080823,3147.0
287,31.0,3561.0,-156.53535353535372,3147.0
288,32.0,3455.0,-140.4747474747477,3147.0
289,32.0,3291.0,-115.6262626262629,3147.0
290,32.0,3469.0,-142.5959595959598,3147.0
291,32.0,3476.0,-143.65656565656585,3147.0
292,32.0,3363.0,-126.53535353535379,3147.0
293,32.0,3431.0,-136.83838383838403,3147.0
294,32.0,3367.0,-127.14141414141433,3147.0
295,32.0,3445.0,-138.95959595959613,3147.0
296,32.0,3403.0,-132.59595959595976,3147.0
297,33.0,3407.0,-133.2020202020204,3147.0
298,33.0,3512.0,-149.11111111111143,3147.0
299,33.0,3365.0,-126.83838383838406,3147.0
300,33.0,3409.0,-133.50505050505078,3147.0
301,33.0,3280.0,-113.95959595959614,3147.0
302,33.0,3382.0,-129.41414141414162,3147.0
303,33.0,3394.0,-131.23232323232347,3147.0
304,33.0,3413.0,-134.11111111111134,3147.0
305,33.0,3516.0,-149.717171717172,3147.0
306,34.0,3427.0,-136.23232323232347,3147.0
307,34.0,3354.0,-125.17171717171745,3147.0
308,34.0,3387.0,-130.1717171717174,3147.0
309,34.0,3483.0,-144.7171717171719,3147.0
310,34.0,3337.0,-122.59595959595983,3147.0
311,34.0,3471.0,-142.89898989899012,3147.0
312,34.0,3316.0,-119.41414141414155,3147.0
313,34.0,3548.0,-154.56565656565675,3147.0
314,34.0,3390.0,-130.6262626262628,3147.0
315,35.0,3278.0,-113.65656565656586,3147.0
316,35.0,3476.0,-143.65656565656582,3147.0
317,35.0,3286.0,-114.86868686868712,3147.0
318,35.0,3430.0,-136.68686868686893,3147.0
319,35.0,3384.0,-129.71717171717194,3147.0
320,35.0,3510.0,-148.808080808081,3147.0
321,35.0,3276.0,-113.35353535353556,3147.0
322,35.0,3473.0,-143.20202020202044,3147.0
323,35.0,3389.0,-130.47474747474772,3147.0
324,36.0,3317.0,-119.56565656565675,3147.0
325,36.0,3376.0,-128.50505050505072,3147.0
326,36.0,3300.0,-116.98989898989922,3147.0
327,36.0,3523.0,-150.77777777777806,3147.0
328,36.0,3370.0,-127.59595959595984,3147.0
329,36.0,3574.0,-158.50505050505072,3147.0
330,36.0,3287.0,-115.02020202020222,3147.0
331,36.0,3441.0,-138.35353535353556,3147.0
332,36.0,3449.0,-139.56565656565698,3147.0
333,37.0,3461.0,-141.38383838383857,3147.0
334,37.0,3468.0,-142.44444444444466,3147.0
335,37.0,3312.0,-118.80808080808102,3147.0
336,37.0,3437.0,-137.747474747475,3147.0
337,37.0,3541.0,-153.5050505050507,3147.0
338,37.0,3281.0,-114.11111111111127,3147.0
339,37.0,3543.0,-153.8080808080811,3147.0
340,37.0,3456.0,-140.62626262626287,3147.0
341,37.0,3382.0,-129.41414141414165,3147.0
342,38.0,3379.0,-128.95959595959613,3147.0
343,38.0,3379.0,-128.95959595959624,3147.0
344,38.0,3595.0,-161.6868686868689,3147.0
345,38.0,3634.0,-167.5959595959598,3147.0
346,38.0,3631.0,-167.14141414141434,3147.0
347,38.0,3420.0,-135.17171717171735,3147.0
348,38.0,3533.0,-152.29292929292953,3147.0
349,38.0,3648.0,-169.7171717171719,3147.0
350,38.0,3352.0,-124.86868686868709,3147.0
351,39.0,3521.0,-150.47474747474763,3147.0
352,39.0,3447.0,-139.26262626262644,3147.0
353,39.0,3494.0,-146.38383838383862,3147.0
354,39.0,3404.0,-132.74747474747502,3147.0
355,39.0,3430.0,-136.68686868686893,3147.0
356,39.0,3422.0,-135.47474747474772,3147.0
357,39.0,3578.0,-159.11111111111134,3147.0
358,39.0,3236.0,-107.29292929292946,3147.0
359,39.0,3469.0,-142.5959595959599,3147.0
360,40.0,3358.0,-125.77777777777801,3147.0
361,40.0,3195.0,-101.08080808080817,3147.0
362,40.0,3313.0,-118.9595959595962,3147.0
363,40.0,3341.0,-123.20202020202031,3147.0
364,40.0,3213.0,-103.808080808081,3147.0
365,40.0,3285.0,-114.71717171717198,3147.0
366,40.0,3253.0,-109.86868686868704,3147.0
367,40.0,3183.0,-99.26262626262651,3147.0
368,40.0,3422.0,-135.47474747474774,3147.0
369,41.0,3288.0,-115.17171717171735,3147.0
370,41.0,3408.0,-133.35353535353556,3147.0
371,41.0,3327.0,-121.08080808080831,3147.0
372,41.0,3582.0,-159.71717171717194,3147.0
373,41.0,3335.0,-122.2929292929295,3147.0
374,41.0,3241.0,-108.05050505050525,3147.0
375,41.0,3307.0,-118.05050505050521,3147.0
376,41.0,3376.0,-128.50505050505075,3147.0
377,41.0,3312.0,-118.80808080808096,3147.0
378,42.0,3370.0,-127.59595959595976,3147.0
379,42.0,3271.0,-112.59595959595983,3147.0
380,42.0,3405.0,-132.8989898989901,3147.0
381,42.0,3361.0,-126.2323232323234,3147.0
382,42.0,3342.0,-123.35353535353553,3147.0
383,42.0,3268.0,-112.14141414141433,3147.0
384,42.0,3364.0,-126.68686868686879,3147.0
385,42.0,3446.0,-139.11111111111134,3147.0
386,42.0,3221.0,-105.02020202020218,3147.0
387,43.0,3186.0,-99.71717171717185,3147.0
388,43.0,3345.0,-123.808080808081,3147.0
389,43.0,3371.0,-127.74747474747488,3147.0
390,43.0,3466.0,-142.14141414141432,3147.0
391,43.0,3535.0,-152.59595959595984,3147.0
392,43.0,3227.0,-105.92929292929306,3147.0
393,43.0,3277.0,-113.50505050505066,3147.0
394,43.0,3189.0,-100.17171717171738,3147.0
395,43.0,3342.0,-123.3535353535355,3147.0
396,44.0,3496.0,-146.68686868686882,3147.0
397,44.0,3098.0,-86.38383838383854,3098.0
398,44.0,3265.0,-111.68686868686883,3098.0
399,44.0,3272.0,-112.7474747474749,3098.0
400,44.0,3209.0,-103.2020202020204,3098.0
401,44.0,3194.0,-100.92929292929307,3098.0
402,44.0,3166.0,-96.6868686868689,3098.0
403,44.0,3380.0,-129.11111111111128,3098.0
404,44.0,3138.0,-92.44444444444464,3098.0
405,45.0,3356.0,-125.4747474747476,3098.0
406,45.0,3247.0,-108.95959595959616,3098.0
407,45.0,3297.0,-116.53535353535366,3098.0
408,45.0,3362.0,-126.3838383838385,3098.0
409,45.0,3312.0,-118.80808080808092,3098.0
410,45.0,3306.0,-117.89898989899011,3098.0
411,45.0,3217.0,-104.41414141414161,3098.0
412,45.0,3271.0,-112.59595959595978,3098.0
413,45.0,3176.0,-98.20202020202031,3098.0
414,46.0,3215.0,-104.11111111111121,3098.0
415,46.0,3213.0,-103.80808080808097,3098.0
416,46.0,3238.0,-107.59595959595977,3098.0
417,46.0,3261.0,-111.08080808080823,3098.0
418,46.0,3180.0,-98.808080808081,3098.0
419,46.0,3317.0,-119.56565656565678,3098.0
420,46.0,3195.0,-101.08080808080824,3098.0
421,46.0,3142.0,-93.05050505050518,3098.0
422,46.0,3063.0,-81.08080808080818,3063.0
423,47.0,3099.0,-86.53535353535366,3063.0
424,47.0,3389.0,-130.4747474747477,3063.0
425,47.0,3249.0,-109.2626262626265,3063.0
426,47.0,3241.0,-108.0505050505053,3063.0
427,47.0,3104.0,-87.29292929292947,3063.0
428,47.0,3384.0,-129.7171717171719,3063.0
429,47.0,3318.0,-119.71717171717198,3063.0
430,47.0,3121.0,-89.868686868687,3063.0
431,47.0,3423.0,-135.62626262626281,3063.0
432,48.0,3283.0,-114.41414141414154,3063.0
433,48.0,3262.0,-111.23232323232338,3063.0
434,48.0,3180.0,-98.80808080808094,3063.0
435,48.0,3323.0,-120.47474747474769,3063.0
436,48.0,3453.0,-140.17171717171732,3063.0
437,48.0,3318.0,-119.71717171717188,3063.0
438,48.0,3228.0,-106.08080808080831,3063.0
439,48.0,3097.0,-86.23232323232344,3063.0
440,48.0,3202.0,-102.14141414141427,3063.0
441,49.0,3249.0,-109.26262626262638,3063.0
442,49.0,3157.0,-95.32323232323253,3063.0
443,49.0,3188.0,-100.0202020202022,3063.0
444,49.0,3297.0,-116.53535353535369,3063.0
445,49.0,3283.0,-114.41414141414161,3063.0
446,49.0,3134.0,-91.83838383838402,3063.0
447,49.0,3367.0,-127.14141414141432,3063.0
448,49.0,3262.0,-111.2323232323234,3063.0
449,49.0,3245.0,-108.65656565656576,3063.0
450,50.0,3275.0,-113.20202020202035,3063.0
451,50.0,3122.0,-90.02020202020212,3063.0
452,50.0,3143.0,-93.20202020202034,3063.0
453,50.0,3047.0,-78.6565656565658,3047.0
454,50.0,3233.0,-106.83838383838405,3047.0
455,50.0,3233.0,-106.83838383838393,3047.0
456,50.0,3173.0,-97.74747474747491,3047.0
457,50.0,3391.0,-130.7777777777779,3047.0
458,50.0,3164.0,-96.38383838383851,3047.0
459,51.0,3260.0,-110.92929292929303,3047.0
460,51.0,3185.0,-99.56565656565671,3047.0
461,51.0,3241.0,-108.05050505050522,3047.0
462,51.0,3302.0,-117.29292929292943,3047.0
463,51.0,3206.0,-102.74747474747495,3047.0
464,51.0,3346.0,-123.95959595959611,3047.0
465,51.0,3050.0,-79.11111111111128,3047.0
466,51.0,3255.0,-110.17171717171733,3047.0
467,51.0,3270.0,-112.44444444444458,3047.0
468,52.0,3148.0,-93.9595959595961,3047.0
469,52.0,3099.0,-86.53535353535366,3047.0
470,52.0,3222.0,-105.17171717171729,3047.0
471,52.0,3120.0,-89.71717171717185,3047.0
472,52.0,3203.0,-102.29292929292944,3047.0
473,52.0,3089.0,-85.02020202020216,3047.0
474,52.0,3231.0,-106.53535353535366,3047.0
475,52.0,3270.0,-112.44444444444463,3047.0
476,52.0,3160.0,-95.77777777777793,3047.0
477,53.0,3260.0,-110.92929292929313,3047.0
478,53.0,3077.0,-83.20202020202038,3047.0
479,53.0,3168.0,-96.9898989898991,3047.0
480,53.0,3153.0,-94.71717171717187,3047.0
481,53.0,3237.0,-107.4444444444446,3047.0
482,53.0,3206.0,-102.7474747474749,3047.0
483,53.0,3239.0,-107.74747474747488,3047.0
484,53.0,3194.0,-100.92929292929304,3047.0
485,53.0,3151.0,-94.41414141414151,3047.0
486,54.0,3053.0,-79.56565656565667,3047.0
487,54.0,3216.0,-104.26262626262637,3047.0
488,54.0,3324.0,-120.62626262626279,3047.0
489,54.0,3092.0,-85.4747474747476,3047.0
490,54.0,3244.0,-108.50505050505068,3047.0
491,54.0,3068.0,-81.83838383838403,3047.0
492,54.0,3090.0,-85.17171717171733,3047.0
493,54.0,3242.0,-108.20202020202031,3047.0
494,54.0,3430.0,-136.68686868686893,3047.0
495,55.0,3116.0,-89.11111111111124,3047.0
496,55.0,3041.0,-77.74747474747484,3041.0
497,55.0,3053.0,-79.56565656565674,3041.0
498,55.0,3195.0,-101.08080808080827,3041.0
499,55.0,3552.0,-155.17171717171735,3041.0
500,55.0,3092.0,-85.4747474747476,3041.0
501,55.0,3160.0,-95.7777777777779,3041.0
502,55.0,3300.0,-116.98989898989907,3041.0
503,55.0,3317.0,-119.56565656565672,3041.0
504,56.0,3226.0,-105.77777777777791,3041.0
505,56.0,3408.0,-133.35353535353556,3041.0
506,56.0,3094.0,-85.77777777777793,3041.0
507,56.0,3094.0,-85.77777777777786,3041.0
508,56.0,3326.0,-120.92929292929306,3041.0
509,56.0,3160.0,-95.77777777777801,3041.0
510,56.0,3230.0,-106.38383838383855,3041.0
511,56.0,3223.0,-105.3232323232325,3041.0
512,56.0,3124.0,-90.32323232323245,3041.0
513,57.0,3348.0,-124.26262626262641,3041.0
514,57.0,3327.0,-121.08080808080825,3041.0
515,57.0,3172.0,-97.59595959595974,3041.0
516,57.0,3122.0,-90.02020202020215,3041.0
517,57.0,3104.0,-87.29292929292946,3041.0
518,57.0,3144.0,-93.35353535353549,3041.0
519,57.0,3218.0,-104.56565656565671,3041.0
520,57.0,3226.0,-105.77777777777794,3041.0
521,57.0,3186.0,-99.7171717171719,3041.0
522,58.0,3274.0,-113.05050505050515,3041.0
523,58.0,3338.0,-122.7474747474749,3041.0
524,58.0,3139.0,-92.59595959595966,3041.0
525,58.0,3168.0,-96.9898989898991,3041.0
526,58.0,3282.0,-114.26262626262637,3041.0
527,58.0,3098.0,-86.38383838383857,3041.0
528,58.0,3270.0,-112.44444444444457,3041.0
529,58.0,3290.0,-115.47474747474766,3041.0
530,58.0,3235.0,-107.14141414141419,3041.0
531,59.0,3302.0,-117.29292929292943,3041.0
532,59.0,3207.0,-102.89898989899005,3041.0
533,59.0,3122.0,-90.02020202020215,3041.0
534,59.0,3329.0,-121.3838383838385,3041.0
535,59.0,3292.0,-115.77777777777789,3041.0
536,59.0,3140.0,-92.7474747474749,3041.0
537,59.0,3223.0,-105.32323232323243,3041.0
538,59.0,3232.0,-106.68686868686875,3041.0
539,59.0,3221.0,-105.02020202020215,3041.0
540,60.0,3253.0,-109.86868686868695,3041.0
541,60.0,3068.0,-81.83838383838398,3041.0
542,60.0,3158.0,-95.47474747474763,3041.0
543,60.0,3126.0,-90.62626262626283,3041.0
544,60.0,3173.0,-97.74747474747488,3041.0
545,60.0,3165.0,-96.53535353535368,3041.0
546,60.0,3245.0,-108.65656565656589,3041.0
547,60.0,3166.0,-96.68686868686876,3041.0
548,60.0,3376.0,-128.50505050505066,3041.0
549,61.0,3259.0,-110.77777777777789,3041.0
550,61.0,3227.0,-105.92929292929307,3041.0
551,61.0,3248.0,-109.11111111111127,3041.0
552,61.0,3215.0,-104.11111111111126,3041.0
553,61.0,3308.0,-118.20202020202034,3041.0
554,61.0,3175.0,-98.05050505050514,3041.0
555,61.0,3154.0,-94.86868686868702,3041.0
556,61.0,3356.0,-125.47474747474763,3041.0
557,61.0,3309.0,-118.35353535353552,3041.0
558,62.0,3272.0,-112.74747474747488,3041.0
559,62.0,3028.0,-75.77777777777787,3028.0
560,62.0,3367.0,-127.14141414141433,3028.0
561,62.0,3139.0,-92.59595959595976,3028.0
562,62.0,3050.0,-79.11111111111123,3028.0
563,62.0,3072.0,-82.44444444444456,3028.0
564,62.0,3176.0,-98.20202020202036,3028.0
565,62.0,3252.0,-109.71717171717187,3028.0
566,62.0,3044.0,-78.20202020202034,3028.0
567,63.0,3250.0,-109.41414141414155,3028.0
568,63.0,3281.0,-114.11111111111131,3028.0
569,63.0,3273.0,-112.89898989899001,3028.0
570,63.0,3429.0,-136.53535353535375,3028.0
571,63.0,3406.0,-133.0505050505052,3028.0
572,63.0,3160.0,-95.7777777777779,3028.0
573,63.0,3281.0,-114.11111111111126,3028.0
574,63.0,3147.0,-93.80808080808093,3028.0
575,63.0,3187.0,-99.86868686868702,3028.0
576,64.0,3184.0,-99.41414141414153,3028.0
577,64.0,3386.0,-130.02020202020213,3028.0
578,64.0,3298.0,-116.68686868686885,3028.0
579,64.0,3222.0,-105.17171717171729,3028.0
580,64.0,3135.0,-91.9898989898992,3028.0
581,64.0,3130.0,-91.2323232323234,3028.0
582,64.0,3302.0,-117.29292929292937,3028.0
583,64.0,3145.0,-93.50505050505058,3028.0
584,64.0,3200.0,-101.83838383838403,3028.0
585,65.0,3282.0,-114.26262626262643,3028.0
586,65.0,3525.0,-151.08080808080825,3028.0
587,65.0,3365.0,-126.83838383838403,3028.0
588,65.0,3340.0,-123.05050505050518,3028.0
589,65.0,3377.0,-128.65656565656576,3028.0
590,65.0,3237.0,-107.44444444444456,3028.0
591,65.0,3056.0,-80.02020202020218,3028.0
592,65.0,3096.0,-86.08080808080815,3028.0
593,65.0,3185.0,-99.5656565656567,3028.0
594,66.0,3330.0,-121.53535353535364,3028.0
595,66.0,3092.0,-85.47474747474762,3028.0
596,66.0,3156.0,-95.17171717171732,3028.0
597,66.0,3159.0,-95.62626262626273,3028.0
598,66.0,3137.0,-92.29292929292936,3028.0
599,66.0,3167.0,-96.83838383838395,3028.0
600,66.0,3214.0,-103.95959595959613,3028.0
601,66.0,3158.0,-95.47474747474755,3028.0
602,66.0,3430.0,-136.68686868686882,3028.0
603,67.0,3106.0,-87.59595959595966,3028.0
604,67.0,3321.0,-120.17171717171735,3028.0
605,67.0,3275.0,-113.20202020202039,3028.0
606,67.0,3153.0,-94.71717171717182,3028.0
607,67.0,3112.0,-88.50505050505063,3028.0
608,67.0,3222.0,-105.17171717171729,3028.0
609,67.0,3200.0,-101.83838383838406,3028.0
610,67.0,3235.0,-107.14141414141427,3028.0
611,67.0,3202.0,-102.14141414141434,3028.0
612,68.0,3217.0,-104.41414141414155,3028.0
613,68.0,3356.0,-125.47474747474762,3028.0
614,68.0,3191.0,-100.47474747474757,3028.0
615,68.0,3211.0,-103.50505050505059,3028.0
616,68.0,3302.0,-117.29292929292939,3028.0
617,68.0,3291.0,-115.62626262626284,3028.0
618,68.0,3163.0,-96.23232323232335,3028.0
619,68.0,3144.0,-93.35353535353548,3028.0
620,68.0,3222.0,-105.17171717171733,3028.0
621,69.0,3065.0,-81.3838383838385,3028.0
622,69.0,3087.0,-84.7171717171718,3028.0
623,69.0,3326.0,-120.92929292929306,3028.0
624,69.0,3381.0,-129.26262626262644,3028.0
625,69.0,3285.0,-114.71717171717188,3028.0
626,69.0,3088.0,-84.86868686868698,3028.0
627,69.0,3152.0,-94.56565656565667,3028.0
628,69.0,3143.0,-93.20202020202038,3028.0
629,69.0,3229.0,-106.23232323232338,3028.0
630,70.0,3199.0,-101.68686868686879,3028.0
631,70.0,3155.0,-95.02020202020219,3028.0
632,70.0,3176.0,-98.20202020202031,3028.0
633,70.0,3231.0,-106.53535353535368,3028.0
634,70.0,3197.0,-101.3838383838385,3028.0
635,70.0,3293.0,-115.929292929293,3028.0
636,70.0,3164.0,-96.3838383838385,3028.0
637,70.0,3328.0,-121.23232323232338,3028.0
638,70.0,3147.0,-93.80808080808094,3028.0
639,71.0,3045.0,-78.35353535353545,3028.0
640,71.0,3203.0,-102.29292929292941,3028.0
641,71.0,3240.0,-107.89898989899001,3028.0
642,71.0,3129.0,-91.08080808080818,3028.0
643,71.0,3112.0,-88.50505050505056,3028.0
644,71.0,3131.0,-91.38383838383854,3028.0
645,71.0,3132.0,-91.53535353535366,3028.0
646,71.0,3221.0,-105.02020202020212,3028.0
647,71.0,3076.0,-83.05050505050517,3028.0
648,72.0,3182.0,-99.11111111111124,3028.0
649,72.0,3217.0,-104.4141414141415,3028.0
650,72.0,3124.0,-90.32323232323238,3028.0
651,72.0,3180.0,-98.80808080808097,3028.0
652,72.0,3195.0,-101.08080808080821,3028.0
653,72.0,3126.0,-90.62626262626276,3028.0
654,72.0,3163.0,-96.2323232323234,3028.0
655,72.0,3066.0,-81.53535353535361,3028.0
656,72.0,3177.0,-98.35353535353549,3028.0
657,73.0,3234.0,-106.98989898989916,3028.0
658,73.0,3152.0,-94.5656565656567,3028.0
659,73.0,3284.0,-114.56565656565671,3028.0
660,73.0,3087.0,-84.71717171717185,3028.0
661,73.0,3327.0,-121.0808080808082,3028.0
662,73.0,3108.0,-87.89898989898995,3028.0
663,73.0,3253.0,-109.86868686868696,3028.0
664,73.0,3222.0,-105.17171717171728,3028.0
665,73.0,3154.0,-94.86868686868696,3028.0
666,74.0,3094.0,-85.7777777777779,3028.0
667,74.0,3032.0,-76.38383838383851,3028.0
668,74.0,3281.0,-114.11111111111124,3028.0
669,74.0,3197.0,-101.38383838383855,3028.0
670,74.0,3212.0,-103.65656565656586,3028.0
671,74.0,3054.0,-79.71717171717181,3028.0
672,74.0,3007.0,-72.5959595959597,3007.0
673,74.0,3211.0,-103.50505050505066,3007.0
674,74.0,3125.0,-90.4747474747476,3007.0
675,75.0,3188.0,-100.02020202020215,3007.0
676,75.0,3098.0,-86.38383838383847,3007.0
677,75.0,3318.0,-119.71717171717188,3007.0
678,75.0,3074.0,-82.74747474747491,3007.0
679,75.0,3289.0,-115.32323232323245,3007.0
680,75.0,3245.0,-108.65656565656577,3007.0
681,75.0,3166.0,-96.6868686868688,3007.0
682,75.0,3127.0,-90.77777777777784,3007.0
683,75.0,3113.0,-88.65656565656579,3007.0
684,76.0,3061.0,-80.77777777777789,3007.0
685,76.0,3234.0,-106.9898989898991,3007.0
686,76.0,3338.0,-122.74747474747495,3007.0
687,76.0,3067.0,-81.68686868686886,3007.0
688,76.0,3176.0,-98.20202020202031,3007.0
689,76.0,3242.0,-108.2020202020203,3007.0
690,76.0,3247.0,-108.95959595959609,3007.0
691,76.0,3053.0,-79.56565656565672,3007.0
692,76.0,3082.0,-83.95959595959607,3007.0
693,77.0,3172.0,-97.59595959595968,3007.0
694,77.0,3280.0,-113.9595959595961,3007.0
695,77.0,3090.0,-85.17171717171726,3007.0
696,77.0,3229.0,-106.23232323232335,3007.0
697,77.0,3162.0,-96.08080808080823,3007.0
698,77.0,3088.0,-84.868686868687,3007.0
699,77.0,3200.0,-101.838383838384,3007.0
700,77.0,3299.0,-116.83838383838393,3007.0
701,77.0,3141.0,-92.89898989899004,3007.0
702,78.0,3177.0,-98.35353535353549,3007.0
703,78.0,3160.0,-95.7777777777779,3007.0
704,78.0,3248.0,-109.11111111111123,3007.0
705,78.0,3368.0,-127.29292929292939,3007.0
706,78.0,3332.0,-121.83838383838396,3007.0
707,78.0,3055.0,-79.86868686868695,3007.0
708,78.0,3181.0,-98.95959595959614,3007.0
709,78.0,3202.0,-102.14141414141427,3007.0
710,78.0,3091.0,-85.32323232323246,3007.0
711,79.0,3107.0,-87.74747474747491,3007.0
712,79.0,3381.0,-129.26262626262638,3007.0
713,79.0,3180.0,-98.80808080808092,3007.0
714,79.0,3282.0,-114.2626262626264,3007.0
715,79.0,3148.0,-93.95959595959611,3007.0
716,79.0,3058.0,-80.32323232323243,3007.0
717,79.0,3135.0,-91.98989898989907,3007.0
718,79.0,3160.0,-95.77777777777789,3007.0
719,79.0,3047.0,-78.65656565656576,3007.0
720,80.0,3186.0,-99.71717171717187,3007.0
721,80.0,3155.0,-95.02020202020212,3007.0
722,80.0,3188.0,-100.02020202020216,3007.0
723,80.0,2980.0,-68.50505050505066,2980.0
724,80.0,3053.0,-79.56565656565672,2980.0
725,80.0,3123.0,-90.17171717171736,2980.0
726,80.0,3211.0,-103.50505050505063,2980.0
727,80.0,3171.0,-97.44444444444464,2980.0
728,80.0,3118.0,-89.41414141414155,2980.0
729,81.0,3054.0,-79.71717171717182,2980.0
730,81.0,3285.0,-114.71717171717184,2980.0
731,81.0,3129.0,-91.0808080808082,2980.0
732,81.0,3164.0,-96.38383838383851,2980.0
733,81.0,3212.0,-103.6565656565658,2980.0
734,81.0,3045.0,-78.35353535353548,2980.0
735,81.0,3077.0,-83.20202020202034,2980.0
736,81.0,3031.0,-76.23232323232334,2980.0
737,81.0,3250.0,-109.41414141414155,2980.0
738,82.0,3328.0,-121.23232323232337,2980.0
739,82.0,3223.0,-105.32323232323247,2980.0
740,82.0,3145.0,-93.5050505050506,2980.0
741,82.0,3072.0,-82.44444444444457,2980.0
742,82.0,3067.0,-81.68686868686879,2980.0
743,82.0,3040.0,-77.59595959595977,2980.0
744,82.0,3029.0,-75.92929292929307,2980.0
745,82.0,3090.0,-85.1717171717173,2980.0
746,82.0,3160.0,-95.77777777777793,2980.0
747,83.0,3120.0,-89.71717171717184,2980.0
748,83.0,3299.0,-116.83838383838389,2980.0
749,83.0,3112.0,-88.50505050505069,2980.0
750,83.0,3098.0,-86.38383838383848,2980.0
751,83.0,3238.0,-107.59595959595968,2980.0
752,83.0,3156.0,-95.17171717171728,2980.0
753,83.0,3183.0,-99.26262626262634,2980.0
754,83.0,3215.0,-104.11111111111123,2980.0
755,83.0,3262.0,-111.23232323232334,2980.0
756,84.0,3252.0,-109.71717171717185,2980.0
757,84.0,3268.0,-112.14141414141432,2980.0
758,84.0,3019.0,-74.41414141414153,2980.0
759,84.0,3100.0,-86.68686868686885,2980.0
760,84.0,3014.0,-73.65656565656576,2980.0
761,84.0,3165.0,-96.53535353535361,2980.0
762,84.0,3286.0,-114.86868686868695,2980.0
763,84.0,3207.0,-102.89898989899004,2980.0
764,84.0,3253.0,-109.86868686868699,2980.0
765,85.0,3265.0,-111.68686868686885,2980.0
766,85.0,3140.0,-92.74747474747487,2980.0
767,85.0,3175.0,-98.05050505050517,2980.0
768,85.0,3097.0,-86.23232323232337,2980.0
769,85.0,3138.0,-92.4444444444446,2980.0
770,85.0,3274.0,-113.05050505050517,2980.0
771,85.0,3115.0,-88.95959595959613,2980.0
772,85.0,3113.0,-88.65656565656577,2980.0
773,85.0,3214.0,-103.95959595959607,2980.0
774,86.0,3231.0,-106.53535353535369,2980.0
775,86.0,3093.0,-85.62626262626269,2980.0
776,86.0,3156.0,-95.17171717171736,2980.0
777,86.0,3330.0,-121.53535353535374,2980.0
778,86.0,3266.0,-111.83838383838398,2980.0
779,86.0,3135.0,-91.98989898989907,2980.0
780,86.0,3205.0,-102.59595959595973,2980.0
781,86.0,3123.0,-90.17171717171728,2980.0
782,86.0,3244.0,-108.50505050505065,2980.0
783,87.0,3203.0,-102.2929292929294,2980.0
784,87.0,3243.0,-108.35353535353546,2980.0
785,87.0,3073.0,-82.59595959595974,2980.0
786,87.0,3182.0,-99.1111111111112,2980.0
787,87.0,3151.0,-94.41414141414154,2980.0
788,87.0,3233.0,-106.83838383838398,2980.0
789,87.0,3161.0,-95.92929292929314,2980.0
790,87.0,3322.0,-120.32323232323247,2980.0
791,87.0,3084.0,-84.26262626262637,2980.0
792,88.0,3058.0,-80.32323232323245,2980.0
793,88.0,3081.0,-83.80808080808086,2980.0
794,88.0,3056.0,-80.02020202020213,2980.0
795,88.0,3162.0,-96.08080808080824,2980.0
796,88.0,3113.0,-88.65656565656579,2980.0
797,88.0,3080.0,-83.65656565656579,2980.0
798,88.0,3120.0,-89.71717171717185,2980.0
799,88.0,3063.0,-81.08080808080823,2980.0
800,88.0,3088.0,-84.868686868687,2980.0
801,89.0,3030.0,-76.08080808080821,2980.0
802,89.0,3044.0,-78.20202020202032,2980.0
803,89.0,3094.0,-85.77777777777786,2980.0
804,89.0,3130.0,-91.23232323232337,2980.0
805,89.0,3169.0,-97.14141414141424,2980.0
806,89.0,3151.0,-94.4141414141415,2980.0
807,89.0,3073.0,-82.59595959595971,2980.0
808,89.0,3209.0,-103.20202020202031,2980.0
809,89.0,3117.0,-89.26262626262637,2980.0
810,90.0,3279.0,-113.80808080808092,2980.0
811,90.0,3118.0,-89.41414141414154,2980.0
812,90.0,3242.0,-108.20202020202031,2980.0
813,90.0,3104.0,-87.29292929292939,2980.0
814,90.0,3103.0,-87.14141414141429,2980.0
815,90.0,3436.0,-137.59595959595976,2980.0
816,90.0,3242.0,-108.20202020202032,2980.0
817,90.0,3070.0,-82.14141414141424,2980.0
818,90.0,3168.0,-96.98989898989912,2980.0
819,91.0,3107.0,-87.74747474747487,2980.0
820,91.0,3083.0,-84.11111111111127,2980.0
821,91.0,3168.0,-96.98989898989912,2980.0
822,91.0,3131.0,-91.38383838383854,2980.0
823,91.0,3222.0,-105.1717171717173,2980.0
824,91.0,3309.0,-118.35353535353545,2980.0
825,91.0,3036.0,-76.98989898989913,2980.0
826,91.0,3145.0,-93.50505050505058,2980.0
827,91.0,3242.0,-108.20202020202035,2980.0
828,92.0,3196.0,-101.23232323232341,2980.0
829,92.0,3262.0,-111.23232323232338,2980.0
830,92.0,3180.0,-98.80808080808087,2980.0
831,92.0,3139.0,-92.5959595959597,2980.0
832,92.0,3113.0,-88.65656565656577,2980.0
833,92.0,3138.0,-92.4444444444446,2980.0
834,92.0,3160.0,-95.77777777777789,2980.0
835,92.0,3228.0,-106.08080808080817,2980.0
836,92.0,3200.0,-101.83838383838403,2980.0
837,93.0,3160.0,-95.77777777777787,2980.0
838,93.0,3146.0,-93.65656565656576,2980.0
839,93.0,3124.0,-90.32323232323243,2980.0
840,93.0,3201.0,-101.98989898989913,2980.0
841,93.0,3046.0,-78.5050505050506,2980.0
842,93.0,3346.0,-123.9595959595961,2980.0
843,93.0,3194.0,-100.92929292929304,2980.0
844,93.0,3069.0,-81.9898989898991,2980.0
845,93.0,3203.0,-102.29292929292944,2980.0
846,94.0,3212.0,-103.65656565656577,2980.0
847,94.0,3178.0,-98.50505050505062,2980.0
848,94.0,3041.0,-77.74747474747487,2980.0
849,94.0,3036.0,-76.9898989898991,2980.0
850,94.0,3261.0,-111.08080808080815,2980.0
851,94.0,3195.0,-101.08080808080825,2980.0
852,94.0,3268.0,-112.14141414141424,2980.0
853,94.0,3196.0,-101.2323232323233,2980.0
854,94.0,3153.0,-94.71717171717184,2980.0
855,95.0,3117.0,-89.26262626262643,2980.0
856,95.0,3054.0,-79.71717171717187,2980.0
857,95.0,3025.0,-75.3232323232325,2980.0
858,95.0,3163.0,-96.23232323232332,2980.0
859,95.0,2969.0,-66.83838383838396,2969.0
860,95.0,3226.0,-105.77777777777786,2969.0
861,95.0,3119.0,-89.56565656565667,2969.0
862,95.0,3227.0,-105.929292929293,2969.0
863,95.0,3078.0,-83.3535353535355,2969.0
864,96.0,3197.0,-101.38383838383851,2969.0
865,96.0,3096.0,-86.0808080808082,2969.0
866,96.0,3239.0,-107.74747474747494,2969.0
867,96.0,3110.0,-88.20202020202034,2969.0
868,96.0,3137.0,-92.29292929292943,2969.0
869,96.0,3101.0,-86.83838383838398,2969.0
870,96.0,3118.0,-89.41414141414153,2969.0
871,96.0,3333.0,-121.98989898989909,2969.0
872,96.0,3289.0,-115.32323232323245,2969.0
873,97.0,3168.0,-96.98989898989915,2969.0
874,97.0,3126.0,-90.62626262626279,2969.0
875,97.0,3143.0,-93.20202020202034,2969.0
876,97.0,3281.0,-114.11111111111124,2969.0
877,97.0,3109.0,-88.05050505050514,2969.0
878,97.0,3036.0,-76.98989898989913,2969.0
879,97.0,3040.0,-77.59595959595967,2969.0
880,97.0,3105.0,-87.4444444444446,2969.0
881,97.0,3125.0,-90.47474747474763,2969.0
882,98.0,3130.0,-91.23232323232331,2969.0
883,98.0,3258.0,-110.62626262626274,2969.0
884,98.0,3154.0,-94.86868686868698,2969.0
885,98.0,3223.0,-105.3232323232324,2969.0
886,98.0,3058.0,-80.32323232323239,2969.0
887,98.0,3231.0,-106.5353535353537,2969.0
888,98.0,3324.0,-120.62626262626276,2969.0
889,98.0,3215.0,-104.11111111111126,2969.0
890,98.0,3122.0,-90.02020202020212,2969.0
891,99.0,3142.0,-93.05050505050518,2969.0
892,99.0,3220.0,-104.86868686868698,2969.0
893,99.0,3259.0,-110.77777777777793,2969.0
894,99.0,3131.0,-91.38383838383854,2969.0
895,99.0,3127.0,-90.77777777777789,2969.0
896,99.0,3089.0,-85.0202020202021,2969.0
897,99.0,3047.0,-78.65656565656579,2969.0
898,99.0,2980.0,-68.50505050505063,2969.0
899,99.0,3171.0,-97.44444444444457,2969.0
900,100.0,3258.0,-110.62626262626273,2969.0
901,100.0,3103.0,-87.14141414141427,2969.0
902,100.0,3089.0,-85.02020202020213,2969.0
903,100.0,3230.0,-106.38383838383852,2969.0
904,100.0,3098.0,-86.3838383838385,2969.0
905,100.0,3217.0,-104.41414141414151,2969.0
906,100.0,3070.0,-82.14141414141426,2969.0
907,100.0,3037.0,-77.14141414141423,2969.0
908,100.0,3150.0,-94.2626262626264,2969.0
909,101.0,3136.0,-92.14141414141423,2969.0
910,101.0,3123.0,-90.17171717171735,2969.0
911,101.0,3058.0,-80.32323232323242,2969.0
912,101.0,3164.0,-96.38383838383848,2969.0
913,101.0,3138.0,-92.44444444444456,2969.0
914,101.0,3021.0,-74.7171717171718,2969.0
915,101.0,3087.0,-84.71717171717185,2969.0
916,101.0,3102.0,-86.98989898989915,2969.0
917,101.0,3317.0,-119.56565656565672,2969.0
918,102.0,3134.0,-91.83838383838398,2969.0
919,102.0,3342.0,-123.35353535353545,2969.0
920,102.0,3266.0,-111.83838383838398,2969.0
921,102.0,3220.0,-104.868686868687,2969.0
922,102.0,3023.0,-75.02020202020218,2969.0
923,102.0,3195.0,-101.08080808080824,2969.0
924,102.0,3150.0,-94.2626262626264,2969.0
925,102.0,3047.0,-78.65656565656572,2969.0
926,102.0,3162.0,-96.08080808080823,2969.0
927,103.0,3032.0,-76.3838383838385,2969.0
928,103.0,3175.0,-98.05050505050518,2969.0
929,103.0,3406.0,-133.05050505050517,2969.0
930,103.0,3216.0,-104.26262626262633,2969.0
931,103.0,3173.0,-97.74747474747485,2969.0
932,103.0,3299.0,-116.83838383838399,2969.0
933,103.0,3202.0,-102.14141414141432,2969.0
934,103.0,3045.0,-78.35353535353548,2969.0
935,103.0,3277.0,-113.50505050505065,2969.0
936,104.0,3068.0,-81.8383838383839,2969.0
937,104.0,3191.0,-100.47474747474757,2969.0
938,104.0,3066.0,-81.53535353535368,2969.0
939,104.0,3173.0,-97.74747474747484,2969.0
940,104.0,3082.0,-83.95959595959611,2969.0
941,104.0,3179.0,-98.65656565656579,2969.0
942,104.0,3060.0,-80.62626262626277,2969.0
943,104.0,3115.0,-88.95959595959606,2969.0
944,104.0,3124.0,-90.3232323232324,2969.0
945,105.0,3123.0,-90.17171717171728,2969.0
946,105.0,3216.0,-104.26262626262636,2969.0
947,105.0,3238.0,-107.59595959595977,2969.0
948,105.0,3196.0,-101.23232323232337,2969.0
949,105.0,3338.0,-122.74747474747495,2969.0
950,105.0,3024.0,-75.1717171717173,2969.0
951,105.0,3017.0,-74.11111111111126,2969.0
952,105.0,3063.0,-81.08080808080823,2969.0
953,105.0,3163.0,-96.23232323232334,2969.0
954,106.0,2945.0,-63.20202020202029,2945.0
955,106.0,3072.0,-82.44444444444457,2945.0
956,106.0,3166.0,-96.68686868686882,2945.0
957,106.0,3182.0,-99.11111111111124,2945.0
958,106.0,3083.0,-84.11111111111123,2945.0
959,106.0,3181.0,-98.95959595959607,2945.0
960,106.0,3212.0,-103.65656565656579,2945.0
961,106.0,3234.0,-106.98989898989909,2945.0
962,106.0,3162.0,-96.0808080808082,2945.0
963,107.0,3269.0,-112.29292929292943,2945.0
964,107.0,3274.0,-113.0505050505052,2945.0
965,107.0,3137.0,-92.29292929292943,2945.0
966,107.0,3345.0,-123.80808080808094,2945.0
967,107.0,3172.0,-97.5959595959597,2945.0
968,107.0,3313.0,-118.95959595959617,2945.0
969,107.0,3110.0,-88.2020202020203,2945.0
970,107.0,3157.0,-95.32323232323243,2945.0
971,107.0,2990.0,-70.02020202020213,2945.0
972,108.0,3067.0,-81.68686868686882,2945.0
973,108.0,3048.0,-78.8080808080809,2945.0
974,108.0,3175.0,-98.05050505050514,2945.0
975,108.0,3195.0,-101.08080808080814,2945.0
976,108.0,3144.0,-93.35353535353542,2945.0
977,108.0,3224.0,-105.4747474747476,2945.0
978,108.0,3088.0,-84.86868686868704,2945.0
979,108.0,3136.0,-92.14141414141433,2945.0
980,108.0,3198.0,-101.53535353535372,2945.0
981,109.0,3100.0,-86.68686868686876,2945.0
982,109.0,3042.0,-77.89898989899,2945.0
983,109.0,3293.0,-115.92929292929307,2945.0
984,109.0,3233.0,-106.838383838384,2945.0
985,109.0,3144.0,-93.35353535353548,2945.0
986,109.0,3217.0,-104.41414141414148,2945.0
987,109.0,3177.0,-98.35353535353548,2945.0
988,109.0,3164.0,-96.38383838383852,2945.0
989,109.0,3234.0,-106.9898989898991,2945.0
990,110.0,3141.0,-92.89898989899005,2945.0
991,110.0,3236.0,-107.2929292929294,2945.0
992,110.0,3107.0,-87.74747474747493,2945.0
993,110.0,3126.0,-90.62626262626273,2945.0
994,110.0,3252.0,-109.71717171717184,2945.0
995,110.0,3165.0,-96.53535353535365,2945.0
996,110.0,3107.0,-87.74747474747491,2945.0
997,110.0,3271.0,-112.59595959595971,2945.0
998,110.0,3123.0,-90.17171717171732,2945.0
999,111.0,3094.0,-85.77777777777789,2945.0
1000,111.0,3059.0,-80.47474747474759,2945.0
1001,111.0,3162.0,-96.08080808080818,2945.0
1002,111.0,3117.0,-89.26262626262636,2945.0
1003,111.0,3101.0,-86.83838383838396,2945.0
1004,111.0,3328.0,-121.23232323232332,2945.0
1005,111.0,3256.0,-110.32323232323239,2945.0
1006,111.0,3390.0,-130.62626262626281,2945.0
1007,111.0,3205.0,-102.59595959595968,2945.0
1008,112.0,3129.0,-91.08080808080818,2945.0
1009,112.0,3228.0,-106.08080808080817,2945.0
1010,112.0,3184.0,-99.41414141414151,2945.0
1011,112.0,3213.0,-103.80808080808094,2945.0
1012,112.0,3189.0,-100.1717171717173,2945.0
1013,112.0,3081.0,-83.80808080808092,2945.0
1014,112.0,3051.0,-79.26262626262636,2945.0
1015,112.0,3154.0,-94.86868686868695,2945.0
1016,112.0,3149.0,-94.1111111111112,2945.0
1017,113.0,3239.0,-107.74747474747491,2945.0
1018,113.0,3090.0,-85.17171717171728,2945.0
1019,113.0,3227.0,-105.92929292929306,2945.0
1020,113.0,3164.0,-96.38383838383855,2945.0
1021,113.0,3089.0,-85.02020202020213,2945.0
1022,113.0,3277.0,-113.50505050505063,2945.0
1023,113.0,3263.0,-111.3838383838385,2945.0
1024,113.0,3336.0,-122.44444444444464,2945.0
1025,113.0,3154.0,-94.86868686868702,2945.0
1026,114.0,3128.0,-90.9292929292931,2945.0
1027,114.0,3024.0,-75.17171717171729,2945.0
1028,114.0,3211.0,-103.50505050505065,2945.0
1029,114.0,3180.0,-98.8080808080809,2945.0
1030,114.0,3288.0,-115.17171717171729,2945.0
1031,114.0,3136.0,-92.14141414141426,2945.0
1032,114.0,3098.0,-86.38383838383852,2945.0
1033,114.0,3309.0,-118.35353535353548,2945.0
1034,114.0,3128.0,-90.92929292929304,2945.0
1035,115.0,3212.0,-103.65656565656577,2945.0
1036,115.0,3179.0,-98.65656565656579,2945.0
1037,115.0,3110.0,-88.20202020202031,2945.0
1038,115.0,3054.0,-79.71717171717184,2945.0
1039,115.0,3120.0,-89.71717171717187,2945.0
1040,115.0,3271.0,-112.59595959595977,2945.0
1041,115.0,3139.0,-92.59595959595973,2945.0
1042,115.0,3044.0,-78.20202020202032,2945.0
1043,115.0,3029.0,-75.92929292929306,2945.0
1044,116.0,3139.0,-92.59595959595968,2945.0
1045,116.0,3315.0,-119.26262626262631,2945.0
1046,116.0,3281.0,-114.11111111111126,2945.0
1047,116.0,3196.0,-101.23232323232332,2945.0
1048,116.0,3269.0,-112.29292929292934,2945.0
1049,116.0,3098.0,-86.38383838383851,2945.0
1050,116.0,3255.0,-110.17171717171728,2945.0
1051,116.0,3193.0,-100.7777777777779,2945.0
1052,116.0,3191.0,-100.4747474747476,2945.0
1053,117.0,3301.0,-117.1414141414143,2945.0
1054,117.0,3146.0,-93.65656565656575,2945.0
1055,117.0,3352.0,-124.86868686868706,2945.0
1056,117.0,3220.0,-104.86868686868705,2945.0
1057,117.0,3266.0,-111.83838383838398,2945.0
1058,117.0,3234.0,-106.9898989898991,2945.0
1059,117.0,3286.0,-114.86868686868699,2945.0
1060,117.0,3121.0,-89.86868686868698,2945.0
1061,117.0,3328.0,-121.23232323232337,2945.0
1062,118.0,3079.0,-83.50505050505066,2945.0
1063,118.0,3205.0,-102.59595959595974,2945.0
1064,118.0,3166.0,-96.68686868686878,2945.0
1065,118.0,3112.0,-88.5050505050506,2945.0
1066,118.0,3027.0,-75.62626262626274,2945.0
1067,118.0,3162.0,-96.08080808080825,2945.0
1068,118.0,3188.0,-100.02020202020215,2945.0
1069,118.0,3183.0,-99.26262626262638,2945.0
1070,118.0,3199.0,-101.68686868686882,2945.0
1071,119.0,3110.0,-88.20202020202032,2945.0
1072,119.0,3127.0,-90.77777777777789,2945.0
1073,119.0,3169.0,-97.1414141414143,2945.0
1074,119.0,3229.0,-106.23232323232338,2945.0
1075,119.0,3091.0,-85.32323232323243,2945.0
1076,119.0,3089.0,-85.02020202020216,2945.0
1077,119.0,3212.0,-103.65656565656579,2945.0
1078,119.0,3209.0,-103.2020202020203,2945.0
1079,119.0,2986.0,-69.41414141414154,2945.0
1080,120.0,3074.0,-82.74747474747488,2945.0
1081,120.0,3174.0,-97.89898989899001,2945.0
1082,120.0,3280.0,-113.9595959595961,2945.0
1083,120.0,3267.0,-111.9898989898992,2945.0
1084,120.0,3164.0,-96.38383838383851,2945.0
1085,120.0,3044.0,-78.20202020202031,2945.0
1086,120.0,3232.0,-106.68686868686883,2945.0
1087,120.0,3216.0,-104.26262626262636,2945.0
1088,120.0,3201.0,-101.98989898989913,2945.0
1089,121.0,3200.0,-101.83838383838399,2945.0
1090,121.0,3350.0,-124.56565656565671,2945.0
1091,121.0,3302.0,-117.2929292929294,2945.0
1092,121.0,3298.0,-116.68686868686882,2945.0
1093,121.0,3088.0,-84.86868686868696,2945.0
1094,121.0,3203.0,-102.29292929292941,2945.0
1095,121.0,3202.0,-102.14141414141429,2945.0
1096,121.0,3146.0,-93.65656565656579,2945.0
1097,121.0,3270.0,-112.44444444444458,2945.0
1098,122.0,3191.0,-100.47474747474764,2945.0
1099,122.0,3338.0,-122.74747474747494,2945.0
1100,122.0,3308.0,-118.20202020202034,2945.0
1101,122.0,3052.0,-79.41414141414154,2945.0
1102,122.0,3078.0,-83.35353535353549,2945.0
1103,122.0,3289.0,-115.32323232323249,2945.0
1104,122.0,3152.0,-94.56565656565665,2945.0
1105,122.0,3285.0,-114.71717171717181,2945.0
1106,122.0,3189.0,-100.17171717171735,2945.0
1107,123.0,3268.0,-112.14141414141432,2945.0
1108,123.0,3163.0,-96.23232323232334,2945.0
1109,123.0,3276.0,-113.35353535353552,2945.0
1110,123.0,3133.0,-91.68686868686886,2945.0
1111,123.0,3075.0,-82.89898989899002,2945.0
1112,123.0,3197.0,-101.38383838383854,2945.0
1113,123.0,3225.0,-105.62626262626277,2945.0
1114,123.0,3311.0,-118.6565656565658,2945.0
1115,123.0,3172.0,-97.59595959595978,2945.0
1116,124.0,3154.0,-94.868686868687,2945.0
1117,124.0,3208.0,-103.05050505050521,2945.0
1118,124.0,3186.0,-99.71717171717182,2945.0
1119,124.0,3082.0,-83.9595959595961,2945.0
1120,124.0,3160.0,-95.7777777777779,2945.0
1121,124.0,3194.0,-100.92929292929308,2945.0
1122,124.0,3228.0,-106.08080808080824,2945.0
1123,124.0,3134.0,-91.838383838384,2945.0
1124,124.0,3107.0,-87.74747474747485,2945.0
1125,125.0,3164.0,-96.38383838383848,2945.0
1126,125.0,3002.0,-71.83838383838398,2945.0
1127,125.0,3273.0,-112.89898989899,2945.0
1128,125.0,3153.0,-94.71717171717187,2945.0
1129,125.0,3018.0,-74.26262626262641,2945.0
1130,125.0,3089.0,-85.02020202020215,2945.0
1131,125.0,3184.0,-99.41414141414148,2945.0
1132,125.0,3215.0,-104.11111111111127,2945.0
1133,125.0,3293.0,-115.92929292929314,2945.0
1134,126.0,3200.0,-101.83838383838396,2945.0
1135,126.0,3181.0,-98.95959595959614,2945.0
1136,126.0,3096.0,-86.08080808080821,2945.0
1137,126.0,3169.0,-97.14141414141432,2945.0
1138,126.0,3060.0,-80.62626262626273,2945.0
1139,126.0,3078.0,-83.35353535353548,2945.0
1140,126.0,3083.0,-84.11111111111126,2945.0
1141,126.0,3201.0,-101.98989898989912,2945.0
1142,126.0,3213.0,-103.80808080808092,2945.0
1143,127.0,3176.0,-98.20202020202028,2945.0
1144,127.0,3310.0,-118.5050505050506,2945.0
1145,127.0,3119.0,-89.56565656565667,2945.0
1146,127.0,3170.0,-97.29292929292949,2945.0
1147,127.0,3114.0,-88.80808080808096,2945.0
1148,127.0,3157.0,-95.32323232323252,2945.0
1149,127.0,3220.0,-104.86868686868704,2945.0
1150,127.0,3300.0,-116.98989898989912,2945.0
1151,127.0,3232.0,-106.68686868686886,2945.0
1152,128.0,3223.0,-105.3232323232325,2945.0
1153,128.0,3068.0,-81.83838383838398,2945.0
1154,128.0,3290.0,-115.4747474747476,2945.0
1155,128.0,3081.0,-83.80808080808093,2945.0
1156,128.0,3328.0,-121.23232323232335,2945.0
1157,128.0,3139.0,-92.59595959595971,2945.0
1158,128.0,3056.0,-80.02020202020222,2945.0
1159,128.0,3135.0,-91.98989898989912,2945.0
1160,128.0,3144.0,-93.3535353535355,2945.0
1161,129.0,3269.0,-112.29292929292949,2945.0
1162,129.0,3322.0,-120.32323232323246,2945.0
1163,129.0,3220.0,-104.86868686868696,2945.0
1164,129.0,3224.0,-105.47474747474757,2945.0
1165,129.0,3248.0,-109.11111111111126,2945.0
1166,129.0,3238.0,-107.59595959595971,2945.0
1167,129.0,3085.0,-84.41414141414154,2945.0
1168,129.0,3250.0,-109.41414141414153,2945.0
1169,129.0,3232.0,-106.68686868686882,2945.0
1170,130.0,2984.0,-69.11111111111124,2945.0
1171,130.0,3261.0,-111.08080808080821,2945.0
1172,130.0,3183.0,-99.26262626262636,2945.0
1173,130.0,3147.0,-93.80808080808094,2945.0
1174,130.0,3196.0,-101.23232323232327,2945.0
1175,130.0,3392.0,-130.92929292929315,2945.0
1176,130.0,3118.0,-89.41414141414153,2945.0
1177,130.0,3165.0,-96.53535353535362,2945.0
1178,130.0,3214.0,-103.95959595959607,2945.0
1179,131.0,3171.0,-97.4444444444446,2945.0
1180,131.0,3170.0,-97.2929292929294,2945.0
1181,131.0,3216.0,-104.26262626262637,2945.0
1182,131.0,3385.0,-129.86868686868706,2945.0
1183,131.0,3219.0,-104.71717171717191,2945.0
1184,131.0,3312.0,-118.80808080808094,2945.0
1185,131.0,3055.0,-79.86868686868696,2945.0
1186,131.0,3041.0,-77.74747474747481,2945.0
1187,131.0,3254.0,-110.02020202020216,2945.0
1188,132.0,3154.0,-94.86868686868704,2945.0
1189,132.0,3133.0,-91.68686868686878,2945.0
1190,132.0,3077.0,-83.20202020202036,2945.0
1191,132.0,3175.0,-98.0505050505052,2945.0
1192,132.0,3027.0,-75.62626262626277,2945.0
1193,132.0,3228.0,-106.08080808080821,2945.0
1194,132.0,3157.0,-95.32323232323249,2945.0
1195,132.0,2981.0,-68.65656565656576,2945.0
1196,132.0,3186.0,-99.71717171717185,2945.0
1197,133.0,3214.0,-103.95959595959606,2945.0
1198,133.0,3065.0,-81.38383838383852,2945.0
1199,133.0,3053.0,-79.5656565656567,2945.0
1200,133.0,3189.0,-100.17171717171732,2945.0
1201,133.0,3264.0,-111.53535353535368,2945.0
1202,133.0,3070.0,-82.14141414141429,2945.0
1203,133.0,3216.0,-104.26262626262634,2945.0
1204,133.0,3221.0,-105.02020202020212,2945.0
1205,133.0,3288.0,-115.17171717171729,2945.0
1206,134.0,3229.0,-106.2323232323234,2945.0
1207,134.0,3135.0,-91.9898989898991,2945.0
1208,134.0,3156.0,-95.17171717171732,2945.0
1209,134.0,3158.0,-95.47474747474762,2945.0
1210,134.0,3061.0,-80.77777777777786,2945.0
1211,134.0,3203.0,-102.29292929292944,2945.0
1212,134.0,3191.0,-100.47474747474762,2945.0
1213,134.0,3147.0,-93.80808080808094,2945.0
1214,134.0,3053.0,-79.56565656565671,2945.0
1215,135.0,3033.0,-76.53535353535364,2945.0
1216,135.0,3021.0,-74.71717171717181,2945.0
1217,135.0,3328.0,-121.23232323232338,2945.0
1218,135.0,3154.0,-94.86868686868696,2945.0
1219,135.0,3134.0,-91.83838383838396,2945.0
1220,135.0,3180.0,-98.80808080808092,2945.0
1221,135.0,3111.0,-88.35353535353543,2945.0
1222,135.0,3209.0,-103.2020202020204,2945.0
1223,135.0,3050.0,-79.11111111111119,2945.0
1224,136.0,3369.0,-127.4444444444446,2945.0
1225,136.0,3279.0,-113.80808080808099,2945.0
1226,136.0,3062.0,-80.92929292929306,2945.0
1227,136.0,3323.0,-120.47474747474764,2945.0
1228,136.0,3239.0,-107.74747474747488,2945.0
1229,136.0,3098.0,-86.38383838383848,2945.0
1230,136.0,3259.0,-110.7777777777779,2945.0
1231,136.0,3243.0,-108.35353535353548,2945.0
1232,136.0,3343.0,-123.50505050505062,2945.0
1233,137.0,3192.0,-100.62626262626274,2945.0
1234,137.0,3032.0,-76.3838383838385,2945.0
1235,137.0,3126.0,-90.62626262626276,2945.0
1236,137.0,3135.0,-91.98989898989915,2945.0
1237,137.0,3255.0,-110.17171717171732,2945.0
1238,137.0,3086.0,-84.56565656565665,2945.0
1239,137.0,3315.0,-119.26262626262641,2945.0
1240,137.0,3223.0,-105.32323232323243,2945.0
1241,137.0,3185.0,-99.56565656565667,2945.0
1242,138.0,3266.0,-111.83838383838398,2945.0
1243,138.0,3212.0,-103.65656565656577,2945.0
1244,138.0,3164.0,-96.3838383838385,2945.0
1245,138.0,3048.0,-78.8080808080809,2945.0
1246,138.0,3196.0,-101.23232323232331,2945.0
1247,138.0,3109.0,-88.05050505050517,2945.0
1248,138.0,3229.0,-106.23232323232334,2945.0
1249,138.0,3100.0,-86.68686868686886,2945.0
1250,138.0,3181.0,-98.9595959595961,2945.0
1251,139.0,3225.0,-105.62626262626279,2945.0
1252,139.0,3325.0,-120.77777777777794,2945.0
1253,139.0,3149.0,-94.1111111111112,2945.0
1254,139.0,3140.0,-92.74747474747488,2945.0
1255,139.0,3203.0,-102.29292929292937,2945.0
1256,139.0,3127.0,-90.77777777777793,2945.0
1257,139.0,3026.0,-75.47474747474757,2945.0
1258,139.0,3260.0,-110.92929292929307,2945.0
1259,139.0,3183.0,-99.26262626262638,2945.0
1260,140.0,3248.0,-109.11111111111127,2945.0
1261,140.0,3169.0,-97.14141414141427,2945.0
1262,140.0,3137.0,-92.29292929292939,2945.0
1263,140.0,3102.0,-86.98989898989915,2945.0
1264,140.0,3192.0,-100.62626262626277,2945.0
1265,140.0,3093.0,-85.62626262626269,2945.0
1266,140.0,3021.0,-74.71717171717184,2945.0
1267,140.0,3091.0,-85.32323232323242,2945.0
1268,140.0,3314.0,-119.1111111111113,2945.0
1269,141.0,3332.0,-121.83838383838406,2945.0
1270,141.0,3127.0,-90.77777777777786,2945.0
1271,141.0,3004.0,-72.14141414141429,2945.0
1272,141.0,3110.0,-88.20202020202032,2945.0
1273,141.0,3402.0,-132.44444444444457,2945.0
1274,141.0,3152.0,-94.5656565656567,2945.0
1275,141.0,3085.0,-84.41414141414151,2945.0
1276,141.0,2992.0,-70.32323232323246,2945.0
1277,141.0,3028.0,-75.77777777777789,2945.0
1278,142.0,3156.0,-95.17171717171728,2945.0
1279,142.0,3124.0,-90.32323232323246,2945.0
1280,142.0,3169.0,-97.14141414141427,2945.0
1281,142.0,3154.0,-94.86868686868695,2945.0
1282,142.0,3031.0,-76.23232323232334,2945.0
1283,142.0,3121.0,-89.86868686868698,2945.0
1284,142.0,3166.0,-96.68686868686878,2945.0
1285,142.0,3077.0,-83.20202020202028,2945.0
1286,142.0,3108.0,-87.89898989899001,2945.0
1287,143.0,3257.0,-110.47474747474764,2945.0
1288,143.0,3092.0,-85.47474747474756,2945.0
1289,143.0,3255.0,-110.17171717171735,2945.0
1290,143.0,3312.0,-118.80808080808092,2945.0
1291,143.0,3181.0,-98.95959595959606,2945.0
1292,143.0,3148.0,-93.95959595959604,2945.0
1293,143.0,3192.0,-100.62626262626277,2945.0
1294,143.0,3235.0,-107.14141414141433,2945.0
1295,143.0,3052.0,-79.41414141414154,2945.0
1296,144.0,3096.0,-86.08080808080823,2945.0
1297,144.0,3180.0,-98.80808080808092,2945.0
1298,144.0,3323.0,-120.47474747474763,2945.0
1299,144.0,3035.0,-76.838383838384,2945.0
1300,144.0,3051.0,-79.26262626262636,2945.0
1301,144.0,3111.0,-88.35353535353546,2945.0
1302,144.0,3137.0,-92.29292929292939,2945.0
1303,144.0,3069.0,-81.98989898989913,2945.0
1304,144.0,3073.0,-82.59595959595968,2945.0
1305,145.0,3125.0,-90.47474747474756,2945.0
1306,145.0,3295.0,-116.2323232323234,2945.0
1307,145.0,3181.0,-98.9595959595961,2945.0
1308,145.0,3262.0,-111.23232323232341,2945.0
1309,145.0,3094.0,-85.7777777777779,2945.0
1310,145.0,3140.0,-92.74747474747485,2945.0
1311,145.0,3140.0,-92.7474747474749,2945.0
1312,145.0,3055.0,-79.86868686868699,2945.0
1313,145.0,3155.0,-95.02020202020218,2945.0
1314,146.0,3186.0,-99.71717171717181,2945.0
1315,146.0,3161.0,-95.92929292929306,2945.0
1316,146.0,3213.0,-103.80808080808093,2945.0
1317,146.0,3114.0,-88.80808080808089,2945.0
1318,146.0,3279.0,-113.80808080808097,2945.0
1319,146.0,3164.0,-96.3838383838385,2945.0
1320,146.0,3162.0,-96.08080808080821,2945.0
1321,146.0,3225.0,-105.62626262626274,2945.0
1322,146.0,3135.0,-91.98989898989907,2945.0
1323,147.0,3043.0,-78.05050505050518,2945.0
1324,147.0,3109.0,-88.0505050505052,2945.0
1325,147.0,3067.0,-81.68686868686879,2945.0
1326,147.0,3061.0,-80.77777777777789,2945.0
1327,147.0,3114.0,-88.80808080808094,2945.0
1328,147.0,3106.0,-87.5959595959597,2945.0
1329,147.0,3103.0,-87.14141414141424,2945.0
1330,147.0,3304.0,-117.59595959595974,2945.0
1331,147.0,3258.0,-110.62626262626273,2945.0
1332,148.0,3190.0,-100.3232323232324,2945.0
1333,148.0,3151.0,-94.4141414141416,2945.0
1334,148.0,3100.0,-86.68686868686879,2945.0
1335,148.0,3176.0,-98.20202020202031,2945.0
1336,148.0,3170.0,-97.29292929292944,2945.0
1337,148.0,3167.0,-96.83838383838398,2945.0
1338,148.0,3136.0,-92.14141414141427,2945.0
1339,148.0,3066.0,-81.53535353535364,2945.0
1340,148.0,3189.0,-100.1717171717173,2945.0
