,episode,make_span,reward,no-op
0,0.0,1276.0,-76.27000000000002,0.0
1,0.0,1173.0,-65.96999999999998,0.0
2,0.0,1197.0,-68.37,0.0
3,0.0,1205.0,-69.16999999999999,0.0
4,0.0,1176.0,-66.27,0.0
5,0.0,1181.0,-66.76999999999998,0.0
6,0.0,1241.0,-72.77000000000001,0.0
7,0.0,1274.0,-76.06999999999998,0.0
8,0.0,1160.0,-64.67000000000002,0.0
9,1.0,1272.0,-75.87,0.0
10,1.0,1158.0,-64.46999999999998,0.0
11,1.0,1131.0,-61.76999999999997,0.0
12,1.0,1153.0,-63.96999999999999,0.0
13,1.0,1133.0,-61.97,0.0
14,1.0,1197.0,-68.37,0.0
15,1.0,1270.0,-75.66999999999999,0.0
16,1.0,1231.0,-71.77000000000001,0.0
17,1.0,1244.0,-73.07,0.0
18,2.0,1155.0,-64.16999999999999,0.0
19,2.0,1326.0,-81.27000000000005,0.0
20,2.0,1220.0,-70.67000000000002,0.0
21,2.0,1333.0,-81.97,0.0
22,2.0,1179.0,-66.56999999999998,0.0
23,2.0,1157.0,-64.36999999999999,0.0
24,2.0,1188.0,-67.46999999999997,0.0
25,2.0,1157.0,-64.36999999999999,0.0
26,2.0,1257.0,-74.37000000000003,0.0
27,3.0,1147.0,-63.36999999999999,0.0
28,3.0,1255.0,-74.17000000000002,0.0
29,3.0,1187.0,-67.37000000000003,0.0
30,3.0,1272.0,-75.86999999999999,0.0
31,3.0,1312.0,-79.86999999999999,0.0
32,3.0,1243.0,-72.97000000000001,0.0
33,3.0,1254.0,-74.07,0.0
34,3.0,1262.0,-74.86999999999998,0.0
35,3.0,1189.0,-67.57000000000001,0.0
36,4.0,1326.0,-81.26999999999997,0.0
37,4.0,1264.0,-75.07,0.0
38,4.0,1296.0,-78.27000000000001,0.0
39,4.0,1146.0,-63.269999999999996,0.0
40,4.0,1191.0,-67.77000000000001,0.0
41,4.0,1305.0,-79.16999999999999,0.0
42,4.0,1213.0,-69.97000000000001,0.0
43,4.0,1176.0,-66.27000000000001,0.0
44,4.0,1256.0,-74.27000000000001,0.0
45,5.0,1166.0,-65.27,0.0
46,5.0,1232.0,-71.86999999999996,0.0
47,5.0,1270.0,-75.66999999999999,0.0
48,5.0,1252.0,-73.87,0.0
49,5.0,1120.0,-60.66999999999997,0.0
50,5.0,1195.0,-68.17000000000002,0.0
51,5.0,1194.0,-68.06999999999998,0.0
52,5.0,1331.0,-81.77,0.0
53,5.0,1213.0,-69.97,0.0
54,6.0,1103.0,-58.969999999999985,0.0
55,6.0,1232.0,-71.87,0.0
56,6.0,1237.0,-72.37,0.0
57,6.0,1172.0,-65.87000000000002,0.0
58,6.0,1139.0,-62.569999999999965,0.0
59,6.0,1105.0,-59.170000000000016,0.0
60,6.0,1158.0,-64.46999999999998,0.0
61,6.0,1244.0,-73.07000000000001,0.0
62,6.0,1166.0,-65.27000000000001,0.0
63,7.0,1327.0,-81.36999999999998,0.0
64,7.0,1162.0,-64.87000000000002,0.0
65,7.0,1249.0,-73.57000000000001,0.0
66,7.0,1143.0,-62.970000000000006,0.0
67,7.0,1212.0,-69.87,0.0
68,7.0,1219.0,-70.57,0.0
69,7.0,1195.0,-68.16999999999999,0.0
70,7.0,1220.0,-70.66999999999999,0.0
71,7.0,1255.0,-74.17000000000002,0.0
72,8.0,1152.0,-63.86999999999999,0.0
73,8.0,1161.0,-64.77000000000001,0.0
74,8.0,1134.0,-62.07,0.0
75,8.0,1180.0,-66.66999999999997,0.0
76,8.0,1248.0,-73.46999999999998,0.0
77,8.0,1194.0,-68.07000000000001,0.0
78,8.0,1149.0,-63.56999999999998,0.0
79,8.0,1258.0,-74.46999999999998,0.0
80,8.0,1307.0,-79.36999999999999,0.0
81,9.0,1231.0,-71.77,0.0
82,9.0,1176.0,-66.27,0.0
83,9.0,1234.0,-72.07,0.0
84,9.0,1148.0,-63.46999999999997,0.0
85,9.0,1103.0,-58.97000000000001,0.0
86,9.0,1301.0,-78.76999999999998,0.0
87,9.0,1187.0,-67.36999999999999,0.0
88,9.0,1246.0,-73.26999999999998,0.0
89,9.0,1163.0,-64.97000000000001,0.0
90,10.0,1194.0,-68.07000000000001,0.0
91,10.0,1186.0,-67.27000000000001,0.0
92,10.0,1200.0,-68.66999999999999,0.0
93,10.0,1172.0,-65.86999999999999,0.0
94,10.0,1227.0,-71.36999999999998,0.0
95,10.0,1115.0,-60.17,0.0
96,10.0,1235.0,-72.16999999999999,0.0
97,10.0,1308.0,-79.47,0.0
98,10.0,1181.0,-66.76999999999997,0.0
99,11.0,1229.0,-71.57000000000001,0.0
100,11.0,1154.0,-64.07,0.0
101,11.0,1126.0,-61.270000000000024,0.0
102,11.0,1186.0,-67.27,0.0
103,11.0,1201.0,-68.77000000000001,0.0
104,11.0,1201.0,-68.77,0.0
105,11.0,1195.0,-68.16999999999999,0.0
106,11.0,1240.0,-72.66999999999997,0.0
107,11.0,1218.0,-70.46999999999997,0.0
108,12.0,1186.0,-67.26999999999997,0.0
109,12.0,1234.0,-72.06999999999998,0.0
110,12.0,1170.0,-65.66999999999999,0.0
111,12.0,1241.0,-72.77,0.0
112,12.0,1170.0,-65.67000000000002,0.0
113,12.0,1344.0,-83.06999999999998,0.0
114,12.0,1231.0,-71.77000000000001,0.0
115,12.0,1243.0,-72.97,0.0
116,12.0,1198.0,-68.46999999999998,0.0
117,13.0,1185.0,-67.16999999999996,0.0
118,13.0,1129.0,-61.570000000000014,0.0
119,13.0,1207.0,-69.36999999999999,0.0
120,13.0,1165.0,-65.16999999999996,0.0
121,13.0,1285.0,-77.16999999999999,0.0
122,13.0,1271.0,-75.76999999999998,0.0
123,13.0,1161.0,-64.76999999999998,0.0
124,13.0,1174.0,-66.07000000000001,0.0
125,13.0,1138.0,-62.47,0.0
126,14.0,1242.0,-72.87000000000002,0.0
127,14.0,1234.0,-72.07,0.0
128,14.0,1084.0,-57.06999999999999,0.0
129,14.0,1149.0,-63.56999999999998,0.0
130,14.0,1214.0,-70.07000000000002,0.0
131,14.0,1220.0,-70.66999999999997,0.0
132,14.0,1157.0,-64.37,0.0
133,14.0,1267.0,-75.37,0.0
134,14.0,1166.0,-65.27,0.0
135,15.0,1221.0,-70.77000000000001,0.0
136,15.0,1229.0,-71.57000000000001,0.0
137,15.0,1227.0,-71.36999999999999,0.0
138,15.0,1222.0,-70.86999999999999,0.0
139,15.0,1221.0,-70.77000000000001,0.0
140,15.0,1200.0,-68.67000000000002,0.0
141,15.0,1157.0,-64.36999999999999,0.0
142,15.0,1222.0,-70.86999999999999,0.0
143,15.0,1214.0,-70.07000000000001,0.0
144,16.0,1226.0,-71.27000000000001,0.0
145,16.0,1168.0,-65.46999999999997,0.0
146,16.0,1201.0,-68.77000000000001,0.0
147,16.0,1217.0,-70.36999999999999,0.0
148,16.0,1213.0,-69.97000000000001,0.0
149,16.0,1174.0,-66.07,0.0
150,16.0,1218.0,-70.46999999999998,0.0
151,16.0,1322.0,-80.87,0.0
152,16.0,1163.0,-64.97000000000001,0.0
153,17.0,1213.0,-69.96999999999998,0.0
154,17.0,1262.0,-74.86999999999998,0.0
155,17.0,1180.0,-66.67,0.0
156,17.0,1302.0,-78.86999999999998,0.0
157,17.0,1237.0,-72.36999999999998,0.0
158,17.0,1204.0,-69.06999999999998,0.0
159,17.0,1209.0,-69.57000000000001,0.0
160,17.0,1199.0,-68.56999999999998,0.0
161,17.0,1182.0,-66.86999999999999,0.0
162,18.0,1149.0,-63.57000000000001,0.0
163,18.0,1258.0,-74.47000000000003,0.0
164,18.0,1167.0,-65.37,0.0
165,18.0,1116.0,-60.26999999999998,0.0
166,18.0,1187.0,-67.36999999999998,0.0
167,18.0,1284.0,-77.06999999999998,0.0
168,18.0,1203.0,-68.97000000000001,0.0
169,18.0,1173.0,-65.96999999999998,0.0
170,18.0,1154.0,-64.07000000000001,0.0
171,19.0,1208.0,-69.47,0.0
172,19.0,1087.0,-57.370000000000005,0.0
173,19.0,1170.0,-65.66999999999997,0.0
174,19.0,1185.0,-67.16999999999999,0.0
175,19.0,1185.0,-67.17,0.0
176,19.0,1247.0,-73.37,0.0
177,19.0,1200.0,-68.67000000000002,0.0
178,19.0,1161.0,-64.77000000000001,0.0
179,19.0,1117.0,-60.370000000000005,0.0
180,20.0,1134.0,-62.07000000000001,0.0
181,20.0,1203.0,-68.97,0.0
182,20.0,1204.0,-69.07000000000001,0.0
183,20.0,1167.0,-65.36999999999999,0.0
184,20.0,1211.0,-69.77000000000001,0.0
185,20.0,1299.0,-78.56999999999998,0.0
186,20.0,1260.0,-74.67000000000003,0.0
187,20.0,1156.0,-64.27,0.0
188,20.0,1279.0,-76.57,0.0
189,21.0,1110.0,-59.66999999999998,0.0
190,21.0,1167.0,-65.37,0.0
191,21.0,1210.0,-69.67,0.0
192,21.0,1207.0,-69.36999999999998,0.0
193,21.0,1287.0,-77.37000000000002,0.0
194,21.0,1150.0,-63.66999999999998,0.0
195,21.0,1274.0,-76.07000000000002,0.0
196,21.0,1171.0,-65.77,0.0
197,21.0,1190.0,-67.66999999999997,0.0
198,22.0,1248.0,-73.46999999999998,0.0
199,22.0,1222.0,-70.86999999999999,0.0
200,22.0,1157.0,-64.37,0.0
201,22.0,1204.0,-69.07,0.0
202,22.0,1189.0,-67.57000000000001,0.0
203,22.0,1182.0,-66.86999999999999,0.0
204,22.0,1249.0,-73.57000000000001,0.0
205,22.0,1209.0,-69.56999999999998,0.0
206,22.0,1157.0,-64.36999999999998,0.0
207,23.0,1224.0,-71.07000000000002,0.0
208,23.0,1141.0,-62.770000000000024,0.0
209,23.0,1203.0,-68.97000000000001,0.0
210,23.0,1233.0,-71.97,0.0
211,23.0,1158.0,-64.46999999999997,0.0
212,23.0,1225.0,-71.17,0.0
213,23.0,1229.0,-71.57,0.0
214,23.0,1204.0,-69.07000000000001,0.0
215,23.0,1250.0,-73.66999999999999,0.0
216,24.0,1133.0,-61.97,0.0
217,24.0,1236.0,-72.26999999999997,0.0
218,24.0,1139.0,-62.56999999999999,0.0
219,24.0,1241.0,-72.77000000000001,0.0
220,24.0,1201.0,-68.77000000000001,0.0
221,24.0,1180.0,-66.66999999999997,0.0
222,24.0,1170.0,-65.67,0.0
223,24.0,1178.0,-66.46999999999998,0.0
224,24.0,1253.0,-73.96999999999996,0.0
225,25.0,1184.0,-67.07,0.0
226,25.0,1141.0,-62.76999999999999,0.0
227,25.0,1184.0,-67.07000000000001,0.0
228,25.0,1150.0,-63.669999999999995,0.0
229,25.0,1122.0,-60.86999999999999,0.0
230,25.0,1169.0,-65.57000000000002,0.0
231,25.0,1185.0,-67.17,0.0
232,25.0,1289.0,-77.56999999999998,0.0
233,25.0,1183.0,-66.97000000000001,0.0
234,26.0,1220.0,-70.66999999999999,0.0
235,26.0,1299.0,-78.57000000000002,0.0
236,26.0,1183.0,-66.96999999999997,0.0
237,26.0,1190.0,-67.67,0.0
238,26.0,1162.0,-64.86999999999999,0.0
239,26.0,1137.0,-62.36999999999999,0.0
240,26.0,1158.0,-64.47,0.0
241,26.0,1150.0,-63.67,0.0
242,26.0,1266.0,-75.27000000000001,0.0
243,27.0,1133.0,-61.97,0.0
244,27.0,1226.0,-71.27000000000002,0.0
245,27.0,1186.0,-67.27000000000001,0.0
246,27.0,1375.0,-86.17,0.0
247,27.0,1186.0,-67.27000000000001,0.0
248,27.0,1175.0,-66.17,0.0
249,27.0,1175.0,-66.16999999999999,0.0
250,27.0,1235.0,-72.16999999999999,0.0
251,27.0,1132.0,-61.870000000000005,0.0
252,28.0,1120.0,-60.67000000000001,0.0
253,28.0,1182.0,-66.87,0.0
254,28.0,1363.0,-84.97000000000001,0.0
255,28.0,1204.0,-69.07,0.0
256,28.0,1265.0,-75.17000000000002,0.0
257,28.0,1171.0,-65.77000000000001,0.0
258,28.0,1201.0,-68.76999999999998,0.0
259,28.0,1176.0,-66.27,0.0
260,28.0,1108.0,-59.47,0.0
261,29.0,1102.0,-58.870000000000005,0.0
262,29.0,1283.0,-76.97,0.0
263,29.0,1190.0,-67.67,0.0
264,29.0,1266.0,-75.27000000000001,0.0
265,29.0,1111.0,-59.769999999999996,0.0
266,29.0,1219.0,-70.57000000000002,0.0
267,29.0,1133.0,-61.97000000000001,0.0
268,29.0,1138.0,-62.47000000000002,0.0
269,29.0,1204.0,-69.07000000000002,0.0
270,30.0,1222.0,-70.86999999999999,0.0
271,30.0,1167.0,-65.36999999999999,0.0
272,30.0,1202.0,-68.87,0.0
273,30.0,1167.0,-65.36999999999999,0.0
274,30.0,1224.0,-71.07000000000001,0.0
275,30.0,1124.0,-61.07,0.0
276,30.0,1278.0,-76.46999999999998,0.0
277,30.0,1262.0,-74.87,0.0
278,30.0,1207.0,-69.37,0.0
279,31.0,1138.0,-62.47000000000002,0.0
280,31.0,1177.0,-66.37000000000002,0.0
281,31.0,1102.0,-58.86999999999998,0.0
282,31.0,1155.0,-64.16999999999999,0.0
283,31.0,1236.0,-72.27,0.0
284,31.0,1175.0,-66.17,0.0
285,31.0,1087.0,-57.370000000000005,0.0
286,31.0,1140.0,-62.67,0.0
287,31.0,1149.0,-63.57,0.0
288,32.0,1256.0,-74.27000000000001,0.0
289,32.0,1161.0,-64.77000000000001,0.0
290,32.0,1160.0,-64.66999999999999,0.0
291,32.0,1174.0,-66.07000000000002,0.0
292,32.0,1162.0,-64.86999999999999,0.0
293,32.0,1096.0,-58.27,0.0
294,32.0,1101.0,-58.769999999999996,0.0
295,32.0,1150.0,-63.66999999999998,0.0
296,32.0,1272.0,-75.86999999999998,0.0
297,33.0,1136.0,-62.269999999999996,0.0
298,33.0,1253.0,-73.97,0.0
299,33.0,1090.0,-57.670000000000016,0.0
300,33.0,1185.0,-67.16999999999999,0.0
301,33.0,1180.0,-66.67,0.0
302,33.0,1172.0,-65.86999999999996,0.0
303,33.0,1263.0,-74.97000000000001,0.0
304,33.0,1214.0,-70.07,0.0
305,33.0,1216.0,-70.27,0.0
306,34.0,1207.0,-69.37000000000002,0.0
307,34.0,1223.0,-70.97,0.0
308,34.0,1146.0,-63.26999999999999,0.0
309,34.0,1127.0,-61.36999999999999,0.0
310,34.0,1306.0,-79.27000000000001,0.0
311,34.0,1305.0,-79.17,0.0
312,34.0,1135.0,-62.17000000000001,0.0
313,34.0,1204.0,-69.06999999999998,0.0
314,34.0,1525.0,-101.17000000000002,0.0
315,35.0,1240.0,-72.67,0.0
316,35.0,1220.0,-70.67,0.0
317,35.0,1170.0,-65.66999999999999,0.0
318,35.0,1185.0,-67.16999999999999,0.0
319,35.0,1148.0,-63.470000000000006,0.0
320,35.0,1194.0,-68.07000000000001,0.0
321,35.0,1251.0,-73.77000000000001,0.0
322,35.0,1196.0,-68.27,0.0
323,35.0,1107.0,-59.36999999999999,0.0
324,36.0,1107.0,-59.37,0.0
325,36.0,1193.0,-67.97,0.0
326,36.0,1290.0,-77.67,0.0
327,36.0,1147.0,-63.36999999999998,0.0
328,36.0,1229.0,-71.57,0.0
329,36.0,1129.0,-61.56999999999998,0.0
330,36.0,1220.0,-70.67000000000002,0.0
331,36.0,1151.0,-63.76999999999999,0.0
332,36.0,1168.0,-65.46999999999998,0.0
333,37.0,1273.0,-75.97,0.0
334,37.0,1227.0,-71.36999999999998,0.0
335,37.0,1134.0,-62.06999999999999,0.0
336,37.0,1179.0,-66.57000000000001,0.0
337,37.0,1169.0,-65.57000000000001,0.0
338,37.0,1168.0,-65.47,0.0
339,37.0,1172.0,-65.87,0.0
340,37.0,1336.0,-82.26999999999998,0.0
341,37.0,1150.0,-63.67,0.0
342,38.0,1180.0,-66.67,0.0
343,38.0,1239.0,-72.57000000000002,0.0
344,38.0,1201.0,-68.76999999999998,0.0
345,38.0,1217.0,-70.36999999999999,0.0
346,38.0,1285.0,-77.17,0.0
347,38.0,1247.0,-73.37000000000002,0.0
348,38.0,1156.0,-64.27000000000001,0.0
349,38.0,1247.0,-73.37000000000003,0.0
350,38.0,1225.0,-71.17000000000002,0.0
351,39.0,1264.0,-75.07,0.0
352,39.0,1214.0,-70.07000000000002,0.0
353,39.0,1239.0,-72.57000000000001,0.0
354,39.0,1246.0,-73.27,0.0
355,39.0,1181.0,-66.76999999999998,0.0
356,39.0,1232.0,-71.86999999999999,0.0
357,39.0,1196.0,-68.27,0.0
358,39.0,1221.0,-70.76999999999997,0.0
359,39.0,1140.0,-62.66999999999999,0.0
360,40.0,1142.0,-62.86999999999998,0.0
361,40.0,1204.0,-69.06999999999998,0.0
362,40.0,1136.0,-62.27000000000001,0.0
363,40.0,1183.0,-66.97000000000001,0.0
364,40.0,1248.0,-73.47,0.0
365,40.0,1212.0,-69.86999999999998,0.0
366,40.0,1205.0,-69.17,0.0
367,40.0,1163.0,-64.97000000000001,0.0
368,40.0,1230.0,-71.67,0.0
369,41.0,1158.0,-64.46999999999997,0.0
370,41.0,1120.0,-60.67,0.0
371,41.0,1259.0,-74.57000000000001,0.0
372,41.0,1122.0,-60.87,0.0
373,41.0,1133.0,-61.96999999999999,0.0
374,41.0,1204.0,-69.07,0.0
375,41.0,1123.0,-60.97,0.0
376,41.0,1136.0,-62.26999999999998,0.0
377,41.0,1153.0,-63.96999999999997,0.0
378,42.0,1153.0,-63.97000000000001,0.0
379,42.0,1191.0,-67.76999999999998,0.0
380,42.0,1154.0,-64.07,0.0
381,42.0,1145.0,-63.169999999999995,0.0
382,42.0,1201.0,-68.77000000000002,0.0
383,42.0,1235.0,-72.17000000000002,0.0
384,42.0,1163.0,-64.97,0.0
385,42.0,1223.0,-70.97,0.0
386,42.0,1298.0,-78.47000000000001,0.0
387,43.0,1247.0,-73.36999999999999,0.0
388,43.0,1206.0,-69.26999999999998,0.0
389,43.0,1230.0,-71.66999999999999,0.0
390,43.0,1234.0,-72.07,0.0
391,43.0,1155.0,-64.16999999999999,0.0
392,43.0,1324.0,-81.07000000000001,0.0
393,43.0,1173.0,-65.96999999999998,0.0
394,43.0,1179.0,-66.57000000000002,0.0
395,43.0,1273.0,-75.97000000000001,0.0
396,44.0,1139.0,-62.570000000000014,0.0
397,44.0,1189.0,-67.57,0.0
398,44.0,1200.0,-68.67,0.0
399,44.0,1193.0,-67.97,0.0
400,44.0,1189.0,-67.57,0.0
401,44.0,1231.0,-71.76999999999998,0.0
402,44.0,1255.0,-74.17,0.0
403,44.0,1226.0,-71.27000000000001,0.0
404,44.0,1183.0,-66.97,0.0
405,45.0,1193.0,-67.97,0.0
406,45.0,1158.0,-64.47,0.0
407,45.0,1237.0,-72.37,0.0
408,45.0,1190.0,-67.67,0.0
409,45.0,1220.0,-70.67,0.0
410,45.0,1296.0,-78.27000000000001,0.0
411,45.0,1144.0,-63.07000000000001,0.0
412,45.0,1175.0,-66.17,0.0
413,45.0,1171.0,-65.77,0.0
414,46.0,1244.0,-73.07,0.0
415,46.0,1187.0,-67.37,0.0
416,46.0,1131.0,-61.76999999999999,0.0
417,46.0,1183.0,-66.97,0.0
418,46.0,1247.0,-73.37,0.0
419,46.0,1164.0,-65.07,0.0
420,46.0,1163.0,-64.97,0.0
421,46.0,1162.0,-64.87,0.0
422,46.0,1156.0,-64.27000000000001,0.0
423,47.0,1210.0,-69.67,0.0
424,47.0,1242.0,-72.86999999999998,0.0
425,47.0,1204.0,-69.07,0.0
426,47.0,1219.0,-70.57000000000002,0.0
427,47.0,1223.0,-70.96999999999998,0.0
428,47.0,1240.0,-72.67000000000003,0.0
429,47.0,1266.0,-75.27,0.0
430,47.0,1217.0,-70.37,0.0
431,47.0,1136.0,-62.269999999999996,0.0
432,48.0,1235.0,-72.16999999999999,0.0
433,48.0,1245.0,-73.17,0.0
434,48.0,1176.0,-66.27,0.0
435,48.0,1213.0,-69.97,0.0
436,48.0,1188.0,-67.46999999999998,0.0
437,48.0,1251.0,-73.77000000000002,0.0
438,48.0,1199.0,-68.57,0.0
439,48.0,1278.0,-76.47000000000001,0.0
440,48.0,1192.0,-67.86999999999996,0.0
441,49.0,1218.0,-70.46999999999998,0.0
442,49.0,1099.0,-58.56999999999997,0.0
443,49.0,1188.0,-67.47,0.0
444,49.0,1162.0,-64.87000000000002,0.0
445,49.0,1215.0,-70.17,0.0
446,49.0,1361.0,-84.77000000000004,0.0
447,49.0,1132.0,-61.87000000000001,0.0
448,49.0,1218.0,-70.46999999999998,0.0
449,49.0,1346.0,-83.27000000000005,0.0
450,50.0,1259.0,-74.57000000000002,0.0
451,50.0,1144.0,-63.069999999999986,0.0
452,50.0,1174.0,-66.07000000000001,0.0
453,50.0,1251.0,-73.77,0.0
454,50.0,1145.0,-63.17000000000001,0.0
455,50.0,1226.0,-71.27,0.0
456,50.0,1140.0,-62.66999999999999,0.0
457,50.0,1309.0,-79.57,0.0
458,50.0,1203.0,-68.96999999999997,0.0
459,51.0,1146.0,-63.269999999999975,0.0
460,51.0,1177.0,-66.36999999999999,0.0
461,51.0,1136.0,-62.269999999999996,0.0
462,51.0,1159.0,-64.56999999999998,0.0
463,51.0,1263.0,-74.97000000000001,0.0
464,51.0,1177.0,-66.36999999999999,0.0
465,51.0,1116.0,-60.26999999999999,0.0
466,51.0,1216.0,-70.26999999999998,0.0
467,51.0,1141.0,-62.77000000000001,0.0
468,52.0,1312.0,-79.87000000000002,0.0
469,52.0,1272.0,-75.87000000000002,0.0
470,52.0,1208.0,-69.46999999999998,0.0
471,52.0,1200.0,-68.66999999999999,0.0
472,52.0,1134.0,-62.070000000000014,0.0
473,52.0,1162.0,-64.87000000000002,0.0
474,52.0,1138.0,-62.47,0.0
475,52.0,1214.0,-70.07,0.0
476,52.0,1054.0,-54.06999999999999,0.0
477,53.0,1226.0,-71.27,0.0
478,53.0,1149.0,-63.57000000000001,0.0
479,53.0,1341.0,-82.77000000000001,0.0
480,53.0,1135.0,-62.17,0.0
481,53.0,1101.0,-58.77000000000002,0.0
482,53.0,1232.0,-71.86999999999999,0.0
483,53.0,1163.0,-64.96999999999998,0.0
484,53.0,1210.0,-69.66999999999999,0.0
485,53.0,1140.0,-62.66999999999998,0.0
486,54.0,1082.0,-56.870000000000005,0.0
487,54.0,1149.0,-63.57000000000001,0.0
488,54.0,1129.0,-61.57000000000001,0.0
489,54.0,1162.0,-64.87000000000002,0.0
490,54.0,1341.0,-82.77000000000001,0.0
491,54.0,1192.0,-67.86999999999999,0.0
492,54.0,1203.0,-68.97000000000001,0.0
493,54.0,1141.0,-62.77,0.0
494,54.0,1195.0,-68.17000000000002,0.0
495,55.0,1139.0,-62.56999999999999,0.0
496,55.0,1257.0,-74.36999999999999,0.0
497,55.0,1091.0,-57.76999999999999,0.0
498,55.0,1220.0,-70.67000000000002,0.0
499,55.0,1195.0,-68.17,0.0
500,55.0,1147.0,-63.37,0.0
501,55.0,1328.0,-81.47000000000003,0.0
502,55.0,1178.0,-66.47000000000003,0.0
503,55.0,1183.0,-66.97,0.0
504,56.0,1169.0,-65.57,0.0
505,56.0,1144.0,-63.07,0.0
506,56.0,1165.0,-65.17,0.0
507,56.0,1387.0,-87.37,0.0
508,56.0,1159.0,-64.57,0.0
509,56.0,1282.0,-76.87,0.0
510,56.0,1199.0,-68.57000000000002,0.0
511,56.0,1166.0,-65.27000000000001,0.0
512,56.0,1311.0,-79.77000000000001,0.0
513,57.0,1111.0,-59.76999999999999,0.0
514,57.0,1118.0,-60.47,0.0
515,57.0,1202.0,-68.86999999999999,0.0
516,57.0,1179.0,-66.56999999999998,0.0
517,57.0,1088.0,-57.469999999999985,0.0
518,57.0,1275.0,-76.17,0.0
519,57.0,1066.0,-55.27000000000002,0.0
520,57.0,1174.0,-66.07000000000001,0.0
521,57.0,1155.0,-64.17,0.0
522,58.0,1177.0,-66.36999999999999,0.0
523,58.0,1200.0,-68.67,0.0
524,58.0,1147.0,-63.37000000000002,0.0
525,58.0,1113.0,-59.97000000000001,0.0
526,58.0,1227.0,-71.37000000000002,0.0
527,58.0,1144.0,-63.07000000000001,0.0
528,58.0,1198.0,-68.46999999999998,0.0
529,58.0,1239.0,-72.57,0.0
530,58.0,1256.0,-74.27,0.0
531,59.0,1188.0,-67.46999999999997,0.0
532,59.0,1172.0,-65.86999999999999,0.0
533,59.0,1288.0,-77.47000000000001,0.0
534,59.0,1220.0,-70.67,0.0
535,59.0,1146.0,-63.269999999999996,0.0
536,59.0,1278.0,-76.46999999999998,0.0
537,59.0,1164.0,-65.07000000000001,0.0
538,59.0,1108.0,-59.470000000000006,0.0
539,59.0,1134.0,-62.07000000000001,0.0
540,60.0,1155.0,-64.16999999999999,0.0
541,60.0,1203.0,-68.97,0.0
542,60.0,1202.0,-68.87,0.0
543,60.0,1242.0,-72.87,0.0
544,60.0,1146.0,-63.269999999999975,0.0
545,60.0,1114.0,-60.069999999999986,0.0
546,60.0,1173.0,-65.96999999999998,0.0
547,60.0,1220.0,-70.66999999999999,0.0
548,60.0,1172.0,-65.86999999999999,0.0
549,61.0,1186.0,-67.27,0.0
550,61.0,1140.0,-62.66999999999997,0.0
551,61.0,1287.0,-77.37000000000003,0.0
552,61.0,1194.0,-68.07000000000001,0.0
553,61.0,1116.0,-60.26999999999999,0.0
554,61.0,1120.0,-60.67,0.0
555,61.0,1212.0,-69.87,0.0
556,61.0,1091.0,-57.76999999999998,0.0
557,61.0,1158.0,-64.47,0.0
558,62.0,1087.0,-57.36999999999998,0.0
559,62.0,1098.0,-58.47,0.0
560,62.0,1256.0,-74.27,0.0
561,62.0,1174.0,-66.07,0.0
562,62.0,1161.0,-64.77000000000001,0.0
563,62.0,1188.0,-67.47,0.0
564,62.0,1281.0,-76.77000000000001,0.0
565,62.0,1190.0,-67.67,0.0
566,62.0,1120.0,-60.669999999999966,0.0
567,63.0,1192.0,-67.87,0.0
568,63.0,1176.0,-66.26999999999997,0.0
569,63.0,1124.0,-61.07,0.0
570,63.0,1148.0,-63.47000000000001,0.0
571,63.0,1261.0,-74.77000000000002,0.0
572,63.0,1143.0,-62.969999999999985,0.0
573,63.0,1175.0,-66.17000000000002,0.0
574,63.0,1136.0,-62.27000000000001,0.0
575,63.0,1309.0,-79.56999999999998,0.0
576,64.0,1238.0,-72.47,0.0
577,64.0,1137.0,-62.37,0.0
578,64.0,1247.0,-73.37,0.0
579,64.0,1353.0,-83.97,0.0
580,64.0,1192.0,-67.86999999999998,0.0
581,64.0,1116.0,-60.269999999999975,0.0
582,64.0,1145.0,-63.16999999999998,0.0
583,64.0,1159.0,-64.57000000000001,0.0
584,64.0,1128.0,-61.47,0.0
585,65.0,1180.0,-66.67,0.0
586,65.0,1096.0,-58.26999999999999,0.0
587,65.0,1192.0,-67.86999999999999,0.0
588,65.0,1107.0,-59.370000000000005,0.0
589,65.0,1161.0,-64.77,0.0
590,65.0,1240.0,-72.66999999999999,0.0
591,65.0,1325.0,-81.17,0.0
592,65.0,1171.0,-65.76999999999998,0.0
593,65.0,1178.0,-66.46999999999998,0.0
594,66.0,1163.0,-64.96999999999998,0.0
595,66.0,1173.0,-65.96999999999998,0.0
596,66.0,1148.0,-63.46999999999999,0.0
597,66.0,1241.0,-72.77,0.0
598,66.0,1360.0,-84.67000000000002,0.0
599,66.0,1198.0,-68.47,0.0
600,66.0,1171.0,-65.77,0.0
601,66.0,1148.0,-63.47,0.0
602,66.0,1194.0,-68.07000000000001,0.0
603,67.0,1174.0,-66.07000000000001,0.0
604,67.0,1160.0,-64.66999999999999,0.0
605,67.0,1225.0,-71.17000000000002,0.0
606,67.0,1218.0,-70.47000000000001,0.0
607,67.0,1310.0,-79.66999999999997,0.0
608,67.0,1234.0,-72.07,0.0
609,67.0,1214.0,-70.07000000000002,0.0
610,67.0,1099.0,-58.56999999999999,0.0
611,67.0,1182.0,-66.87,0.0
612,68.0,1206.0,-69.27000000000001,0.0
613,68.0,1300.0,-78.67000000000002,0.0
614,68.0,1181.0,-66.77000000000001,0.0
615,68.0,1126.0,-61.27,0.0
616,68.0,1130.0,-61.669999999999995,0.0
617,68.0,1234.0,-72.07000000000001,0.0
618,68.0,1131.0,-61.769999999999996,0.0
619,68.0,1170.0,-65.66999999999999,0.0
620,68.0,1081.0,-56.76999999999999,0.0
621,69.0,1185.0,-67.17,0.0
622,69.0,1097.0,-58.370000000000005,0.0
623,69.0,1120.0,-60.670000000000016,0.0
624,69.0,1091.0,-57.77000000000001,0.0
625,69.0,1087.0,-57.36999999999999,0.0
626,69.0,1213.0,-69.97000000000001,0.0
627,69.0,1297.0,-78.37,0.0
628,69.0,1214.0,-70.06999999999998,0.0
629,69.0,1146.0,-63.269999999999996,0.0
630,70.0,1165.0,-65.16999999999997,0.0
631,70.0,1095.0,-58.169999999999995,0.0
632,70.0,1213.0,-69.96999999999998,0.0
633,70.0,1147.0,-63.370000000000005,0.0
634,70.0,1219.0,-70.57,0.0
635,70.0,1138.0,-62.47000000000002,0.0
636,70.0,1146.0,-63.269999999999996,0.0
637,70.0,1443.0,-92.97000000000001,0.0
638,70.0,1269.0,-75.56999999999998,0.0
639,71.0,1257.0,-74.37,0.0
640,71.0,1143.0,-62.97000000000002,0.0
641,71.0,1201.0,-68.77000000000001,0.0
642,71.0,1141.0,-62.77000000000001,0.0
643,71.0,1252.0,-73.87000000000002,0.0
644,71.0,1129.0,-61.57,0.0
645,71.0,1143.0,-62.97000000000001,0.0
646,71.0,1145.0,-63.17,0.0
647,71.0,1191.0,-67.76999999999998,0.0
648,72.0,1112.0,-59.86999999999999,0.0
649,72.0,1201.0,-68.77000000000001,0.0
650,72.0,1160.0,-64.66999999999997,0.0
651,72.0,1155.0,-64.16999999999999,0.0
652,72.0,1219.0,-70.57000000000001,0.0
653,72.0,1324.0,-81.07000000000001,0.0
654,72.0,1287.0,-77.36999999999999,0.0
655,72.0,1190.0,-67.67,0.0
656,72.0,1140.0,-62.669999999999995,0.0
657,73.0,1138.0,-62.47,0.0
658,73.0,1239.0,-72.57000000000001,0.0
659,73.0,1111.0,-59.769999999999975,0.0
660,73.0,1172.0,-65.86999999999999,0.0
661,73.0,1113.0,-59.970000000000006,0.0
662,73.0,1134.0,-62.06999999999999,0.0
663,73.0,1166.0,-65.27000000000001,0.0
664,73.0,1197.0,-68.37,0.0
665,73.0,1277.0,-76.36999999999999,0.0
666,74.0,1323.0,-80.97,0.0
667,74.0,1162.0,-64.86999999999999,0.0
668,74.0,1177.0,-66.36999999999999,0.0
669,74.0,1314.0,-80.07000000000002,0.0
670,74.0,1212.0,-69.87,0.0
671,74.0,1158.0,-64.46999999999998,0.0
672,74.0,1337.0,-82.37000000000003,0.0
673,74.0,1096.0,-58.27,0.0
674,74.0,1224.0,-71.07,0.0
675,75.0,1191.0,-67.76999999999998,0.0
676,75.0,1315.0,-80.17,0.0
677,75.0,1314.0,-80.07,0.0
678,75.0,1187.0,-67.36999999999999,0.0
679,75.0,1163.0,-64.96999999999998,0.0
680,75.0,1073.0,-55.970000000000034,0.0
681,75.0,1144.0,-63.07,0.0
682,75.0,1166.0,-65.27,0.0
683,75.0,1097.0,-58.36999999999999,0.0
684,76.0,1181.0,-66.77,0.0
685,76.0,1113.0,-59.970000000000006,0.0
686,76.0,1123.0,-60.97,0.0
687,76.0,1208.0,-69.47000000000001,0.0
688,76.0,1178.0,-66.46999999999998,0.0
689,76.0,1248.0,-73.47000000000001,0.0
690,76.0,1183.0,-66.96999999999998,0.0
691,76.0,1203.0,-68.96999999999998,0.0
692,76.0,1097.0,-58.37,0.0
693,77.0,1155.0,-64.17,0.0
694,77.0,1114.0,-60.06999999999999,0.0
695,77.0,1185.0,-67.17,0.0
696,77.0,1355.0,-84.17000000000002,0.0
697,77.0,1155.0,-64.17,0.0
698,77.0,1125.0,-61.17000000000001,0.0
699,77.0,1278.0,-76.47000000000003,0.0
700,77.0,1248.0,-73.47000000000001,0.0
701,77.0,1098.0,-58.46999999999999,0.0
702,78.0,1210.0,-69.67000000000002,0.0
703,78.0,1162.0,-64.86999999999996,0.0
704,78.0,1193.0,-67.96999999999998,0.0
705,78.0,1094.0,-58.06999999999998,0.0
706,78.0,1158.0,-64.47000000000001,0.0
707,78.0,1181.0,-66.76999999999998,0.0
708,78.0,1201.0,-68.77000000000001,0.0
709,78.0,1117.0,-60.370000000000005,0.0
710,78.0,1166.0,-65.26999999999998,0.0
711,79.0,1244.0,-73.07000000000002,0.0
712,79.0,1125.0,-61.16999999999999,0.0
713,79.0,1266.0,-75.27,0.0
714,79.0,1215.0,-70.17,0.0
715,79.0,1222.0,-70.87000000000002,0.0
716,79.0,1183.0,-66.97,0.0
717,79.0,1182.0,-66.86999999999998,0.0
718,79.0,1248.0,-73.46999999999998,0.0
719,79.0,1130.0,-61.669999999999995,0.0
720,80.0,1142.0,-62.870000000000005,0.0
721,80.0,1204.0,-69.06999999999998,0.0
722,80.0,1171.0,-65.77000000000001,0.0
723,80.0,1220.0,-70.66999999999996,0.0
724,80.0,1166.0,-65.27,0.0
725,80.0,1200.0,-68.67,0.0
726,80.0,1182.0,-66.86999999999998,0.0
727,80.0,1262.0,-74.87,0.0
728,80.0,1176.0,-66.27,0.0
729,81.0,1235.0,-72.17,0.0
730,81.0,1168.0,-65.47,0.0
731,81.0,1123.0,-60.969999999999985,0.0
732,81.0,1147.0,-63.370000000000005,0.0
733,81.0,1166.0,-65.27000000000001,0.0
734,81.0,1165.0,-65.17,0.0
735,81.0,1164.0,-65.07000000000001,0.0
736,81.0,1257.0,-74.37,0.0
737,81.0,1271.0,-75.77000000000002,0.0
738,82.0,1209.0,-69.57,0.0
739,82.0,1358.0,-84.47,0.0
740,82.0,1144.0,-63.06999999999999,0.0
741,82.0,1117.0,-60.37,0.0
742,82.0,1173.0,-65.96999999999998,0.0
743,82.0,1273.0,-75.97,0.0
744,82.0,1210.0,-69.66999999999996,0.0
745,82.0,1245.0,-73.17000000000002,0.0
746,82.0,1280.0,-76.67,0.0
747,83.0,1131.0,-61.77000000000001,0.0
748,83.0,1094.0,-58.069999999999986,0.0
749,83.0,1181.0,-66.77,0.0
750,83.0,1084.0,-57.070000000000014,0.0
751,83.0,1209.0,-69.56999999999998,0.0
752,83.0,1146.0,-63.269999999999996,0.0
753,83.0,1123.0,-60.97000000000003,0.0
754,83.0,1122.0,-60.87,0.0
755,83.0,1098.0,-58.47,0.0
756,84.0,1105.0,-59.16999999999998,0.0
757,84.0,1108.0,-59.46999999999999,0.0
758,84.0,1264.0,-75.07000000000004,0.0
759,84.0,1191.0,-67.77000000000002,0.0
760,84.0,1209.0,-69.57000000000002,0.0
761,84.0,1143.0,-62.970000000000006,0.0
762,84.0,1123.0,-60.969999999999985,0.0
763,84.0,1157.0,-64.37,0.0
764,84.0,1097.0,-58.37,0.0
765,85.0,1128.0,-61.47,0.0
766,85.0,1209.0,-69.57000000000002,0.0
767,85.0,1288.0,-77.47,0.0
768,85.0,1170.0,-65.67,0.0
769,85.0,1204.0,-69.07000000000002,0.0
770,85.0,1165.0,-65.17,0.0
771,85.0,1222.0,-70.87000000000002,0.0
772,85.0,1138.0,-62.470000000000006,0.0
773,85.0,1320.0,-80.67000000000002,0.0
774,86.0,1080.0,-56.67,0.0
775,86.0,1202.0,-68.87,0.0
776,86.0,1145.0,-63.17000000000002,0.0
777,86.0,1168.0,-65.47000000000001,0.0
778,86.0,1255.0,-74.17000000000002,0.0
779,86.0,1167.0,-65.36999999999999,0.0
780,86.0,1243.0,-72.96999999999997,0.0
781,86.0,1187.0,-67.36999999999999,0.0
782,86.0,1269.0,-75.57,0.0
783,87.0,1162.0,-64.86999999999998,0.0
784,87.0,1182.0,-66.86999999999999,0.0
785,87.0,1076.0,-56.27000000000001,0.0
786,87.0,1137.0,-62.36999999999998,0.0
787,87.0,1142.0,-62.87,0.0
788,87.0,1214.0,-70.07000000000001,0.0
789,87.0,1214.0,-70.06999999999998,0.0
790,87.0,1089.0,-57.57,0.0
791,87.0,1159.0,-64.57000000000002,0.0
792,88.0,1076.0,-56.269999999999996,0.0
793,88.0,1222.0,-70.87000000000002,0.0
794,88.0,1107.0,-59.369999999999976,0.0
795,88.0,1117.0,-60.370000000000005,0.0
796,88.0,1099.0,-58.57,0.0
797,88.0,1240.0,-72.67,0.0
798,88.0,1125.0,-61.170000000000016,0.0
799,88.0,1134.0,-62.069999999999986,0.0
800,88.0,1125.0,-61.17,0.0
801,89.0,1184.0,-67.07,0.0
802,89.0,1180.0,-66.67,0.0
803,89.0,1277.0,-76.37,0.0
804,89.0,1229.0,-71.56999999999998,0.0
805,89.0,1185.0,-67.17000000000002,0.0
806,89.0,1139.0,-62.56999999999999,0.0
807,89.0,1257.0,-74.37,0.0
808,89.0,1160.0,-64.67000000000002,0.0
809,89.0,1137.0,-62.37,0.0
810,90.0,1125.0,-61.169999999999995,0.0
811,90.0,1072.0,-55.86999999999999,0.0
812,90.0,1140.0,-62.66999999999999,0.0
813,90.0,1151.0,-63.769999999999996,0.0
814,90.0,1221.0,-70.76999999999998,0.0
815,90.0,1140.0,-62.66999999999998,0.0
816,90.0,1172.0,-65.87000000000002,0.0
817,90.0,1125.0,-61.170000000000016,0.0
818,90.0,1232.0,-71.87,0.0
819,91.0,1353.0,-83.97000000000003,0.0
820,91.0,1179.0,-66.57000000000001,0.0
821,91.0,1209.0,-69.57000000000002,0.0
822,91.0,1104.0,-59.07000000000001,0.0
823,91.0,1239.0,-72.57,0.0
824,91.0,1252.0,-73.86999999999999,0.0
825,91.0,1246.0,-73.27000000000002,0.0
826,91.0,1108.0,-59.46999999999999,0.0
827,91.0,1209.0,-69.56999999999998,0.0
828,92.0,1201.0,-68.76999999999998,0.0
829,92.0,1125.0,-61.170000000000016,0.0
830,92.0,1108.0,-59.469999999999985,0.0
831,92.0,1125.0,-61.17000000000001,0.0
832,92.0,1207.0,-69.37,0.0
833,92.0,1125.0,-61.17,0.0
834,92.0,1200.0,-68.67,0.0
835,92.0,1205.0,-69.17000000000002,0.0
836,92.0,1106.0,-59.27,0.0
837,93.0,1177.0,-66.36999999999999,0.0
838,93.0,1143.0,-62.97,0.0
839,93.0,1155.0,-64.16999999999997,0.0
840,93.0,1157.0,-64.36999999999999,0.0
841,93.0,1113.0,-59.96999999999999,0.0
842,93.0,1227.0,-71.36999999999998,0.0
843,93.0,1244.0,-73.07000000000001,0.0
844,93.0,1282.0,-76.87,0.0
845,93.0,1147.0,-63.36999999999998,0.0
846,94.0,1183.0,-66.96999999999998,0.0
847,94.0,1216.0,-70.27000000000001,0.0
848,94.0,1120.0,-60.670000000000016,0.0
849,94.0,1304.0,-79.07,0.0
850,94.0,1135.0,-62.16999999999999,0.0
851,94.0,1114.0,-60.069999999999986,0.0
852,94.0,1252.0,-73.87,0.0
853,94.0,1274.0,-76.07,0.0
854,94.0,1050.0,-53.670000000000016,0.0
855,95.0,1233.0,-71.97000000000001,0.0
856,95.0,1125.0,-61.170000000000016,0.0
857,95.0,1174.0,-66.07000000000001,0.0
858,95.0,1191.0,-67.77000000000001,0.0
859,95.0,1137.0,-62.36999999999999,0.0
860,95.0,1117.0,-60.37,0.0
861,95.0,1162.0,-64.86999999999999,0.0
862,95.0,1134.0,-62.06999999999999,0.0
863,95.0,1219.0,-70.56999999999998,0.0
864,96.0,1166.0,-65.27000000000001,0.0
865,96.0,1176.0,-66.27,0.0
866,96.0,1175.0,-66.17,0.0
867,96.0,1222.0,-70.86999999999998,0.0
868,96.0,1187.0,-67.36999999999999,0.0
869,96.0,1160.0,-64.66999999999999,0.0
870,96.0,1142.0,-62.86999999999999,0.0
871,96.0,1117.0,-60.37,0.0
872,96.0,1209.0,-69.57000000000002,0.0
873,97.0,1124.0,-61.07,0.0
874,97.0,1108.0,-59.46999999999999,0.0
875,97.0,1166.0,-65.27000000000001,0.0
876,97.0,1100.0,-58.67,0.0
877,97.0,1271.0,-75.77000000000001,0.0
878,97.0,1125.0,-61.17000000000001,0.0
879,97.0,1127.0,-61.37,0.0
880,97.0,1146.0,-63.269999999999996,0.0
881,97.0,1104.0,-59.07,0.0
882,98.0,1141.0,-62.769999999999996,0.0
883,98.0,1125.0,-61.17000000000001,0.0
884,98.0,1165.0,-65.17000000000002,0.0
885,98.0,1150.0,-63.669999999999995,0.0
886,98.0,1130.0,-61.66999999999999,0.0
887,98.0,1238.0,-72.47000000000001,0.0
888,98.0,1117.0,-60.370000000000005,0.0
889,98.0,1050.0,-53.66999999999998,0.0
890,98.0,1125.0,-61.170000000000016,0.0
891,99.0,1154.0,-64.07000000000001,0.0
892,99.0,1130.0,-61.67000000000001,0.0
893,99.0,1152.0,-63.87,0.0
894,99.0,1235.0,-72.17000000000002,0.0
895,99.0,1147.0,-63.370000000000005,0.0
896,99.0,1331.0,-81.77000000000001,0.0
897,99.0,1273.0,-75.97000000000001,0.0
898,99.0,1037.0,-52.37,0.0
899,99.0,1181.0,-66.77,0.0
900,100.0,1179.0,-66.57,0.0
901,100.0,1225.0,-71.17,0.0
902,100.0,1125.0,-61.17,0.0
903,100.0,1194.0,-68.07,0.0
904,100.0,1128.0,-61.47,0.0
905,100.0,1151.0,-63.76999999999998,0.0
906,100.0,1125.0,-61.17,0.0
907,100.0,1181.0,-66.77,0.0
908,100.0,1258.0,-74.46999999999998,0.0
909,101.0,1129.0,-61.57000000000001,0.0
910,101.0,1113.0,-59.970000000000006,0.0
911,101.0,1125.0,-61.170000000000016,0.0
912,101.0,1123.0,-60.969999999999985,0.0
913,101.0,1181.0,-66.76999999999998,0.0
914,101.0,1161.0,-64.76999999999998,0.0
915,101.0,1105.0,-59.17,0.0
916,101.0,1152.0,-63.86999999999999,0.0
917,101.0,1160.0,-64.66999999999999,0.0
918,102.0,1115.0,-60.17000000000001,0.0
919,102.0,1038.0,-52.46999999999999,0.0
920,102.0,1284.0,-77.07000000000002,0.0
921,102.0,1159.0,-64.57000000000001,0.0
922,102.0,1166.0,-65.27000000000001,0.0
923,102.0,1157.0,-64.36999999999999,0.0
924,102.0,1195.0,-68.17,0.0
925,102.0,1125.0,-61.16999999999999,0.0
926,102.0,1193.0,-67.97,0.0
927,103.0,1164.0,-65.06999999999996,0.0
928,103.0,1232.0,-71.87000000000002,0.0
929,103.0,1073.0,-55.97,0.0
930,103.0,1227.0,-71.36999999999999,0.0
931,103.0,1243.0,-72.97000000000001,0.0
932,103.0,1348.0,-83.47000000000001,0.0
933,103.0,1115.0,-60.16999999999997,0.0
934,103.0,1248.0,-73.47,0.0
935,103.0,1197.0,-68.36999999999999,0.0
936,104.0,1270.0,-75.66999999999999,0.0
937,104.0,1125.0,-61.170000000000016,0.0
938,104.0,1127.0,-61.370000000000026,0.0
939,104.0,1208.0,-69.47,0.0
940,104.0,1069.0,-55.56999999999999,0.0
941,104.0,1233.0,-71.97000000000001,0.0
942,104.0,1120.0,-60.67,0.0
943,104.0,1169.0,-65.57,0.0
944,104.0,1121.0,-60.769999999999996,0.0
945,105.0,1082.0,-56.86999999999999,0.0
946,105.0,1162.0,-64.86999999999998,0.0
947,105.0,1156.0,-64.26999999999998,0.0
948,105.0,1084.0,-57.06999999999999,0.0
949,105.0,1255.0,-74.17,0.0
950,105.0,1261.0,-74.77,0.0
951,105.0,1074.0,-56.06999999999999,0.0
952,105.0,1295.0,-78.17000000000002,0.0
953,105.0,1149.0,-63.57000000000001,0.0
954,106.0,1255.0,-74.17,0.0
955,106.0,1164.0,-65.06999999999998,0.0
956,106.0,1115.0,-60.16999999999999,0.0
957,106.0,1245.0,-73.16999999999999,0.0
958,106.0,1175.0,-66.17,0.0
959,106.0,1202.0,-68.87,0.0
960,106.0,1063.0,-54.96999999999999,0.0
961,106.0,1075.0,-56.169999999999995,0.0
962,106.0,1236.0,-72.27,0.0
963,107.0,1067.0,-55.369999999999976,0.0
964,107.0,1163.0,-64.96999999999998,0.0
965,107.0,1132.0,-61.870000000000005,0.0
966,107.0,1073.0,-55.97,0.0
967,107.0,1187.0,-67.37,0.0
968,107.0,1293.0,-77.97,0.0
969,107.0,1237.0,-72.37,0.0
970,107.0,1096.0,-58.26999999999997,0.0
971,107.0,1115.0,-60.169999999999995,0.0
972,108.0,1147.0,-63.36999999999999,0.0
973,108.0,1200.0,-68.67,0.0
974,108.0,1251.0,-73.77,0.0
975,108.0,1160.0,-64.66999999999999,0.0
976,108.0,1175.0,-66.17,0.0
977,108.0,1147.0,-63.370000000000005,0.0
978,108.0,1088.0,-57.47,0.0
979,108.0,1108.0,-59.46999999999999,0.0
980,108.0,1146.0,-63.26999999999999,0.0
981,109.0,1068.0,-55.47,0.0
982,109.0,1108.0,-59.46999999999999,0.0
983,109.0,1094.0,-58.069999999999986,0.0
984,109.0,1181.0,-66.76999999999998,0.0
985,109.0,1164.0,-65.07,0.0
986,109.0,1147.0,-63.370000000000005,0.0
987,109.0,1293.0,-77.97000000000003,0.0
988,109.0,1120.0,-60.66999999999999,0.0
989,109.0,1198.0,-68.46999999999998,0.0
990,110.0,1083.0,-56.969999999999985,0.0
991,110.0,1152.0,-63.869999999999976,0.0
992,110.0,1108.0,-59.46999999999998,0.0
993,110.0,1129.0,-61.56999999999999,0.0
994,110.0,1264.0,-75.06999999999998,0.0
995,110.0,1186.0,-67.26999999999997,0.0
996,110.0,1185.0,-67.17,0.0
997,110.0,1115.0,-60.16999999999998,0.0
998,110.0,1108.0,-59.46999999999999,0.0
999,111.0,1092.0,-57.86999999999999,0.0
1000,111.0,1167.0,-65.37,0.0
1001,111.0,1260.0,-74.67,0.0
1002,111.0,1163.0,-64.96999999999998,0.0
1003,111.0,1141.0,-62.77,0.0
1004,111.0,1147.0,-63.370000000000005,0.0
1005,111.0,1273.0,-75.97,0.0
1006,111.0,1346.0,-83.27000000000001,0.0
1007,111.0,1184.0,-67.07,0.0
1008,112.0,1138.0,-62.469999999999985,0.0
1009,112.0,1149.0,-63.57,0.0
1010,112.0,1263.0,-74.96999999999998,0.0
1011,112.0,1080.0,-56.66999999999999,0.0
1012,112.0,1222.0,-70.87000000000002,0.0
1013,112.0,1163.0,-64.97,0.0
1014,112.0,1215.0,-70.16999999999999,0.0
1015,112.0,1163.0,-64.96999999999998,0.0
1016,112.0,1260.0,-74.67000000000002,0.0
1017,113.0,1152.0,-63.870000000000005,0.0
1018,113.0,1157.0,-64.36999999999998,0.0
1019,113.0,1140.0,-62.67,0.0
1020,113.0,1111.0,-59.769999999999975,0.0
1021,113.0,1147.0,-63.370000000000005,0.0
1022,113.0,1167.0,-65.37000000000002,0.0
1023,113.0,1120.0,-60.66999999999999,0.0
1024,113.0,1115.0,-60.170000000000016,0.0
1025,113.0,1191.0,-67.77,0.0
1026,114.0,1173.0,-65.96999999999998,0.0
1027,114.0,1125.0,-61.17000000000001,0.0
1028,114.0,1190.0,-67.66999999999999,0.0
1029,114.0,1178.0,-66.47,0.0
1030,114.0,1108.0,-59.46999999999999,0.0
1031,114.0,1122.0,-60.869999999999976,0.0
1032,114.0,1125.0,-61.170000000000016,0.0
1033,114.0,1200.0,-68.67,0.0
1034,114.0,1214.0,-70.07000000000001,0.0
1035,115.0,1222.0,-70.87000000000002,0.0
1036,115.0,1149.0,-63.570000000000014,0.0
1037,115.0,1113.0,-59.96999999999999,0.0
1038,115.0,1216.0,-70.27000000000001,0.0
1039,115.0,1147.0,-63.37,0.0
1040,115.0,1100.0,-58.67,0.0
1041,115.0,1147.0,-63.370000000000005,0.0
1042,115.0,1185.0,-67.17000000000002,0.0
1043,115.0,1166.0,-65.27000000000001,0.0
1044,116.0,1161.0,-64.77,0.0
1045,116.0,1116.0,-60.269999999999996,0.0
1046,116.0,1150.0,-63.670000000000016,0.0
1047,116.0,1346.0,-83.27000000000001,0.0
1048,116.0,1177.0,-66.37,0.0
1049,116.0,1299.0,-78.57,0.0
1050,116.0,1111.0,-59.77,0.0
1051,116.0,1447.0,-93.37,0.0
1052,116.0,1214.0,-70.07,0.0
1053,117.0,1160.0,-64.66999999999999,0.0
1054,117.0,1149.0,-63.57000000000001,0.0
1055,117.0,1198.0,-68.46999999999998,0.0
1056,117.0,1177.0,-66.37,0.0
1057,117.0,1147.0,-63.370000000000005,0.0
1058,117.0,1158.0,-64.46999999999998,0.0
1059,117.0,1154.0,-64.07000000000001,0.0
1060,117.0,1150.0,-63.66999999999997,0.0
1061,117.0,1201.0,-68.77000000000001,0.0
1062,118.0,1147.0,-63.370000000000005,0.0
1063,118.0,1214.0,-70.07,0.0
1064,118.0,1125.0,-61.16999999999999,0.0
1065,118.0,1294.0,-78.07,0.0
1066,118.0,1147.0,-63.370000000000005,0.0
1067,118.0,1173.0,-65.96999999999998,0.0
1068,118.0,1115.0,-60.169999999999966,0.0
1069,118.0,1164.0,-65.07000000000001,0.0
1070,118.0,1153.0,-63.97,0.0
1071,119.0,1123.0,-60.96999999999998,0.0
1072,119.0,1152.0,-63.87,0.0
1073,119.0,1177.0,-66.37,0.0
1074,119.0,1177.0,-66.37,0.0
1075,119.0,1101.0,-58.769999999999996,0.0
1076,119.0,1113.0,-59.96999999999999,0.0
1077,119.0,1177.0,-66.37,0.0
1078,119.0,1150.0,-63.67000000000001,0.0
1079,119.0,1123.0,-60.97,0.0
1080,120.0,1221.0,-70.77000000000001,0.0
1081,120.0,1147.0,-63.36999999999999,0.0
1082,120.0,1147.0,-63.37000000000001,0.0
1083,120.0,1130.0,-61.669999999999995,0.0
1084,120.0,1217.0,-70.36999999999999,0.0
1085,120.0,1105.0,-59.16999999999998,0.0
1086,120.0,1324.0,-81.07,0.0
1087,120.0,1167.0,-65.37,0.0
1088,120.0,1170.0,-65.66999999999999,0.0
1089,121.0,1158.0,-64.47,0.0
1090,121.0,1125.0,-61.170000000000016,0.0
1091,121.0,1148.0,-63.470000000000006,0.0
1092,121.0,1113.0,-59.970000000000006,0.0
1093,121.0,1123.0,-60.97000000000001,0.0
1094,121.0,1119.0,-60.570000000000014,0.0
1095,121.0,1115.0,-60.169999999999995,0.0
1096,121.0,1115.0,-60.169999999999995,0.0
1097,121.0,1176.0,-66.27,0.0
1098,122.0,1098.0,-58.47,0.0
1099,122.0,1120.0,-60.66999999999999,0.0
1100,122.0,1164.0,-65.07000000000001,0.0
1101,122.0,1175.0,-66.17000000000002,0.0
1102,122.0,1160.0,-64.67,0.0
1103,122.0,1085.0,-57.170000000000016,0.0
1104,122.0,1123.0,-60.97,0.0
1105,122.0,1125.0,-61.16999999999998,0.0
1106,122.0,1115.0,-60.169999999999995,0.0
1107,123.0,1113.0,-59.97,0.0
1108,123.0,1125.0,-61.170000000000016,0.0
1109,123.0,1149.0,-63.57000000000001,0.0
1110,123.0,1253.0,-73.96999999999998,0.0
1111,123.0,1154.0,-64.06999999999998,0.0
1112,123.0,1190.0,-67.66999999999999,0.0
1113,123.0,1228.0,-71.46999999999998,0.0
1114,123.0,1149.0,-63.570000000000014,0.0
1115,123.0,1149.0,-63.57000000000001,0.0
1116,124.0,1130.0,-61.669999999999995,0.0
1117,124.0,1108.0,-59.469999999999985,0.0
1118,124.0,1158.0,-64.47000000000001,0.0
1119,124.0,1164.0,-65.06999999999996,0.0
1120,124.0,1127.0,-61.370000000000005,0.0
1121,124.0,1154.0,-64.07,0.0
1122,124.0,1045.0,-53.17,0.0
1123,124.0,1119.0,-60.570000000000014,0.0
1124,124.0,1137.0,-62.37,0.0
1125,125.0,1120.0,-60.669999999999995,0.0
1126,125.0,1211.0,-69.77,0.0
1127,125.0,1080.0,-56.66999999999999,0.0
1128,125.0,1281.0,-76.76999999999998,0.0
1129,125.0,1387.0,-87.36999999999999,0.0
1130,125.0,1136.0,-62.26999999999998,0.0
1131,125.0,1155.0,-64.16999999999999,0.0
1132,125.0,1120.0,-60.66999999999999,0.0
1133,125.0,1143.0,-62.97,0.0
1134,126.0,1155.0,-64.16999999999999,0.0
1135,126.0,1115.0,-60.169999999999966,0.0
1136,126.0,1171.0,-65.77,0.0
1137,126.0,1233.0,-71.97,0.0
1138,126.0,1108.0,-59.46999999999999,0.0
1139,126.0,1084.0,-57.06999999999997,0.0
1140,126.0,1146.0,-63.269999999999996,0.0
1141,126.0,1230.0,-71.66999999999999,0.0
1142,126.0,1115.0,-60.16999999999999,0.0
1143,127.0,1115.0,-60.17,0.0
1144,127.0,1181.0,-66.76999999999997,0.0
1145,127.0,1177.0,-66.37,0.0
1146,127.0,1109.0,-59.569999999999986,0.0
1147,127.0,1158.0,-64.47,0.0
1148,127.0,1115.0,-60.17,0.0
1149,127.0,1125.0,-61.17,0.0
1150,127.0,1109.0,-59.569999999999986,0.0
1151,127.0,1115.0,-60.17,0.0
1152,128.0,1164.0,-65.07000000000001,0.0
1153,128.0,1094.0,-58.06999999999998,0.0
1154,128.0,1147.0,-63.370000000000005,0.0
1155,128.0,1129.0,-61.57,0.0
1156,128.0,1144.0,-63.06999999999999,0.0
1157,128.0,1143.0,-62.97,0.0
1158,128.0,1111.0,-59.76999999999999,0.0
1159,128.0,1149.0,-63.56999999999999,0.0
1160,128.0,1143.0,-62.97,0.0
1161,129.0,1105.0,-59.16999999999999,0.0
1162,129.0,1149.0,-63.57000000000001,0.0
1163,129.0,1103.0,-58.97000000000001,0.0
1164,129.0,1160.0,-64.67000000000002,0.0
1165,129.0,1259.0,-74.57000000000001,0.0
1166,129.0,1398.0,-88.47,0.0
1167,129.0,1143.0,-62.97,0.0
1168,129.0,1115.0,-60.16999999999999,0.0
1169,129.0,1168.0,-65.47,0.0
1170,130.0,1113.0,-59.970000000000006,0.0
1171,130.0,1117.0,-60.370000000000005,0.0
1172,130.0,1182.0,-66.87,0.0
1173,130.0,1149.0,-63.56999999999999,0.0
1174,130.0,1120.0,-60.67,0.0
1175,130.0,1103.0,-58.97000000000001,0.0
1176,130.0,1110.0,-59.67000000000001,0.0
1177,130.0,1158.0,-64.47000000000001,0.0
1178,130.0,1163.0,-64.97,0.0
1179,131.0,1167.0,-65.36999999999999,0.0
1180,131.0,1136.0,-62.269999999999996,0.0
1181,131.0,1189.0,-67.56999999999998,0.0
1182,131.0,1214.0,-70.07,0.0
1183,131.0,1224.0,-71.07000000000001,0.0
1184,131.0,1152.0,-63.869999999999976,0.0
1185,131.0,1123.0,-60.970000000000006,0.0
1186,131.0,1114.0,-60.07,0.0
1187,131.0,1105.0,-59.16999999999999,0.0
1188,132.0,1214.0,-70.06999999999998,0.0
1189,132.0,1158.0,-64.46999999999998,0.0
1190,132.0,1234.0,-72.07000000000001,0.0
1191,132.0,1203.0,-68.97,0.0
1192,132.0,1222.0,-70.87000000000002,0.0
1193,132.0,1108.0,-59.46999999999999,0.0
1194,132.0,1136.0,-62.26999999999998,0.0
1195,132.0,1167.0,-65.36999999999999,0.0
1196,132.0,1138.0,-62.46999999999998,0.0
1197,133.0,1203.0,-68.97,0.0
1198,133.0,1088.0,-57.47,0.0
1199,133.0,1147.0,-63.370000000000005,0.0
1200,133.0,1138.0,-62.47000000000002,0.0
1201,133.0,1108.0,-59.46999999999999,0.0
1202,133.0,1115.0,-60.169999999999995,0.0
1203,133.0,1115.0,-60.16999999999999,0.0
1204,133.0,1108.0,-59.469999999999985,0.0
1205,133.0,1138.0,-62.47000000000001,0.0
1206,134.0,1298.0,-78.47000000000003,0.0
1207,134.0,1147.0,-63.370000000000005,0.0
1208,134.0,1125.0,-61.17000000000001,0.0
1209,134.0,1162.0,-64.87,0.0
1210,134.0,1154.0,-64.06999999999998,0.0
1211,134.0,1115.0,-60.169999999999995,0.0
1212,134.0,1322.0,-80.86999999999998,0.0
1213,134.0,1113.0,-59.970000000000006,0.0
1214,134.0,1124.0,-61.07000000000001,0.0
1215,135.0,1080.0,-56.66999999999999,0.0
1216,135.0,1107.0,-59.37,0.0
1217,135.0,1126.0,-61.26999999999998,0.0
1218,135.0,1130.0,-61.67,0.0
1219,135.0,1156.0,-64.27000000000001,0.0
1220,135.0,1176.0,-66.27,0.0
1221,135.0,1115.0,-60.169999999999995,0.0
1222,135.0,1179.0,-66.57,0.0
1223,135.0,1147.0,-63.370000000000005,0.0
1224,136.0,1108.0,-59.46999999999999,0.0
1225,136.0,1215.0,-70.16999999999999,0.0
1226,136.0,1270.0,-75.66999999999999,0.0
1227,136.0,1215.0,-70.16999999999999,0.0
1228,136.0,1238.0,-72.47,0.0
1229,136.0,1141.0,-62.77000000000001,0.0
1230,136.0,1125.0,-61.17000000000001,0.0
1231,136.0,1130.0,-61.66999999999999,0.0
1232,136.0,1235.0,-72.16999999999997,0.0
1233,137.0,1173.0,-65.96999999999998,0.0
1234,137.0,1238.0,-72.47,0.0
1235,137.0,1211.0,-69.77,0.0
1236,137.0,1117.0,-60.37,0.0
1237,137.0,1094.0,-58.070000000000014,0.0
1238,137.0,1286.0,-77.26999999999997,0.0
1239,137.0,1183.0,-66.97,0.0
1240,137.0,1186.0,-67.27000000000001,0.0
1241,137.0,1134.0,-62.069999999999986,0.0
1242,138.0,1113.0,-59.970000000000006,0.0
1243,138.0,1125.0,-61.17,0.0
1244,138.0,1060.0,-54.670000000000016,0.0
1245,138.0,1182.0,-66.87,0.0
1246,138.0,1236.0,-72.27,0.0
1247,138.0,1143.0,-62.97,0.0
1248,138.0,1108.0,-59.47,0.0
1249,138.0,1172.0,-65.86999999999999,0.0
1250,138.0,1111.0,-59.77,0.0
1251,139.0,1094.0,-58.07,0.0
1252,139.0,1112.0,-59.87000000000001,0.0
1253,139.0,1112.0,-59.869999999999976,0.0
1254,139.0,1093.0,-57.970000000000006,0.0
1255,139.0,1059.0,-54.57,0.0
1256,139.0,1207.0,-69.37,0.0
1257,139.0,1086.0,-57.269999999999975,0.0
1258,139.0,1203.0,-68.96999999999998,0.0
1259,139.0,1082.0,-56.869999999999976,0.0
1260,140.0,1105.0,-59.16999999999999,0.0
1261,140.0,1272.0,-75.87,0.0
1262,140.0,1108.0,-59.46999999999999,0.0
1263,140.0,1186.0,-67.26999999999997,0.0
1264,140.0,1109.0,-59.57000000000001,0.0
1265,140.0,1166.0,-65.26999999999998,0.0
1266,140.0,1130.0,-61.669999999999995,0.0
1267,140.0,1182.0,-66.86999999999999,0.0
1268,140.0,1177.0,-66.37,0.0
1269,141.0,1163.0,-64.97000000000001,0.0
1270,141.0,1121.0,-60.76999999999999,0.0
1271,141.0,1152.0,-63.86999999999999,0.0
1272,141.0,1146.0,-63.269999999999996,0.0
1273,141.0,1045.0,-53.17,0.0
1274,141.0,1147.0,-63.370000000000005,0.0
1275,141.0,1074.0,-56.07,0.0
1276,141.0,1147.0,-63.370000000000005,0.0
1277,141.0,1108.0,-59.46999999999999,0.0
1278,142.0,1186.0,-67.26999999999997,0.0
1279,142.0,1109.0,-59.570000000000014,0.0
1280,142.0,1103.0,-58.970000000000006,0.0
1281,142.0,1093.0,-57.96999999999999,0.0
1282,142.0,1097.0,-58.36999999999999,0.0
1283,142.0,1147.0,-63.36999999999999,0.0
1284,142.0,1102.0,-58.870000000000005,0.0
1285,142.0,1073.0,-55.97,0.0
1286,142.0,1036.0,-52.269999999999996,0.0
1287,143.0,1120.0,-60.669999999999995,0.0
1288,143.0,1110.0,-59.670000000000016,0.0
1289,143.0,1111.0,-59.77,0.0
1290,143.0,1218.0,-70.47000000000001,0.0
1291,143.0,1125.0,-61.17000000000001,0.0
1292,143.0,1164.0,-65.07000000000002,0.0
1293,143.0,1191.0,-67.77000000000001,0.0
1294,143.0,1115.0,-60.169999999999995,0.0
1295,143.0,1103.0,-58.970000000000006,0.0
1296,144.0,1090.0,-57.67,0.0
1297,144.0,1062.0,-54.86999999999998,0.0
1298,144.0,1186.0,-67.27,0.0
1299,144.0,1120.0,-60.67,0.0
1300,144.0,1225.0,-71.17,0.0
1301,144.0,1105.0,-59.16999999999999,0.0
1302,144.0,1243.0,-72.96999999999997,0.0
1303,144.0,1120.0,-60.669999999999995,0.0
1304,144.0,1036.0,-52.269999999999996,0.0
1305,145.0,1132.0,-61.870000000000005,0.0
1306,145.0,1186.0,-67.26999999999998,0.0
1307,145.0,1167.0,-65.36999999999999,0.0
1308,145.0,1111.0,-59.77,0.0
1309,145.0,1160.0,-64.66999999999999,0.0
1310,145.0,1218.0,-70.47000000000001,0.0
1311,145.0,1194.0,-68.07000000000001,0.0
1312,145.0,1137.0,-62.370000000000005,0.0
1313,145.0,1141.0,-62.77,0.0
1314,146.0,1109.0,-59.570000000000014,0.0
1315,146.0,1113.0,-59.96999999999999,0.0
1316,146.0,1103.0,-58.97,0.0
1317,146.0,1125.0,-61.17000000000001,0.0
1318,146.0,1105.0,-59.170000000000016,0.0
1319,146.0,1218.0,-70.47000000000001,0.0
1320,146.0,1147.0,-63.370000000000005,0.0
1321,146.0,1113.0,-59.96999999999999,0.0
1322,146.0,1103.0,-58.97000000000001,0.0
1323,147.0,1171.0,-65.77000000000001,0.0
1324,147.0,1113.0,-59.96999999999999,0.0
1325,147.0,1109.0,-59.57000000000001,0.0
1326,147.0,1067.0,-55.36999999999999,0.0
1327,147.0,1108.0,-59.46999999999999,0.0
1328,147.0,1108.0,-59.469999999999985,0.0
1329,147.0,1038.0,-52.470000000000006,0.0
1330,147.0,1094.0,-58.07,0.0
1331,147.0,1104.0,-59.06999999999999,0.0
1332,148.0,1038.0,-52.46999999999999,0.0
1333,148.0,1105.0,-59.17000000000001,0.0
1334,148.0,1120.0,-60.670000000000016,0.0
1335,148.0,1113.0,-59.96999999999999,0.0
1336,148.0,1143.0,-62.97,0.0
1337,148.0,1115.0,-60.16999999999999,0.0
1338,148.0,1036.0,-52.269999999999996,0.0
1339,148.0,1146.0,-63.269999999999996,0.0
1340,148.0,1104.0,-59.06999999999999,0.0
1341,149.0,1089.0,-57.57,0.0
1342,149.0,1036.0,-52.27,0.0
1343,149.0,1109.0,-59.570000000000014,0.0
1344,149.0,1146.0,-63.26999999999999,0.0
1345,149.0,1065.0,-55.16999999999999,0.0
1346,149.0,1125.0,-61.17,0.0
1347,149.0,1181.0,-66.76999999999997,0.0
1348,149.0,1149.0,-63.56999999999999,0.0
1349,149.0,1109.0,-59.57000000000001,0.0
1350,150.0,1109.0,-59.57000000000001,0.0
1351,150.0,1036.0,-52.269999999999996,0.0
1352,150.0,1109.0,-59.57000000000001,0.0
1353,150.0,1125.0,-61.17000000000001,0.0
1354,150.0,1144.0,-63.07000000000001,0.0
1355,150.0,1065.0,-55.16999999999999,0.0
1356,150.0,1036.0,-52.27,0.0
1357,150.0,1138.0,-62.47000000000001,0.0
1358,150.0,1036.0,-52.269999999999996,0.0
1359,151.0,1120.0,-60.67,0.0
1360,151.0,1112.0,-59.86999999999999,0.0
1361,151.0,1036.0,-52.269999999999996,0.0
1362,151.0,1126.0,-61.27,0.0
1363,151.0,1036.0,-52.27,0.0
1364,151.0,1182.0,-66.87,0.0
1365,151.0,1096.0,-58.26999999999997,0.0
1366,151.0,1182.0,-66.87,0.0
1367,151.0,1209.0,-69.57000000000002,0.0
1368,152.0,1036.0,-52.269999999999996,0.0
1369,152.0,1108.0,-59.469999999999985,0.0
1370,152.0,1103.0,-58.97000000000001,0.0
1371,152.0,1109.0,-59.57000000000001,0.0
1372,152.0,1111.0,-59.77,0.0
1373,152.0,1113.0,-59.96999999999999,0.0
1374,152.0,1108.0,-59.46999999999999,0.0
1375,152.0,1109.0,-59.57000000000001,0.0
1376,152.0,1104.0,-59.06999999999999,0.0
1377,153.0,1036.0,-52.269999999999996,0.0
1378,153.0,1065.0,-55.16999999999999,0.0
1379,153.0,1113.0,-59.96999999999999,0.0
1380,153.0,1113.0,-59.96999999999999,0.0
1381,153.0,1105.0,-59.16999999999999,0.0
1382,153.0,1113.0,-59.96999999999999,0.0
1383,153.0,1125.0,-61.170000000000016,0.0
1384,153.0,1089.0,-57.57,0.0
1385,153.0,1109.0,-59.57000000000001,0.0
1386,154.0,1051.0,-53.769999999999996,0.0
1387,154.0,1215.0,-70.17000000000002,0.0
1388,154.0,1138.0,-62.469999999999985,0.0
1389,154.0,1036.0,-52.27,0.0
1390,154.0,1033.0,-51.969999999999985,0.0
1391,154.0,1170.0,-65.67,0.0
1392,154.0,1033.0,-51.969999999999985,0.0
1393,154.0,1036.0,-52.269999999999996,0.0
1394,154.0,1033.0,-51.969999999999985,0.0
1395,155.0,1036.0,-52.27000000000001,0.0
1396,155.0,1069.0,-55.56999999999999,0.0
1397,155.0,1059.0,-54.57,0.0
1398,155.0,1183.0,-66.97,0.0
1399,155.0,1104.0,-59.06999999999999,0.0
1400,155.0,1065.0,-55.16999999999999,0.0
1401,155.0,1112.0,-59.86999999999999,0.0
1402,155.0,1036.0,-52.27000000000001,0.0
1403,155.0,1120.0,-60.67,0.0
1404,156.0,1089.0,-57.57,0.0
1405,156.0,1109.0,-59.57000000000001,0.0
1406,156.0,1073.0,-55.97,0.0
1407,156.0,1036.0,-52.27000000000001,0.0
1408,156.0,1188.0,-67.47000000000001,0.0
1409,156.0,1209.0,-69.57,0.0
1410,156.0,1036.0,-52.27,0.0
1411,156.0,1036.0,-52.269999999999996,0.0
1412,156.0,1036.0,-52.269999999999996,0.0
1413,157.0,1036.0,-52.27000000000001,0.0
1414,157.0,1036.0,-52.27000000000001,0.0
1415,157.0,1036.0,-52.26999999999999,0.0
1416,157.0,1183.0,-66.96999999999998,0.0
1417,157.0,1089.0,-57.57,0.0
1418,157.0,1036.0,-52.27,0.0
1419,157.0,1080.0,-56.66999999999999,0.0
1420,157.0,1036.0,-52.269999999999996,0.0
1421,157.0,1065.0,-55.16999999999999,0.0
1422,158.0,1036.0,-52.27000000000001,0.0
1423,158.0,1036.0,-52.27000000000001,0.0
1424,158.0,1065.0,-55.16999999999999,0.0
1425,158.0,1036.0,-52.269999999999996,0.0
1426,158.0,1165.0,-65.17,0.0
1427,158.0,1125.0,-61.17,0.0
1428,158.0,1084.0,-57.06999999999999,0.0
1429,158.0,1036.0,-52.27,0.0
1430,158.0,1036.0,-52.27000000000001,0.0
1431,159.0,1069.0,-55.56999999999999,0.0
1432,159.0,1036.0,-52.269999999999996,0.0
1433,159.0,1033.0,-51.969999999999985,0.0
1434,159.0,1058.0,-54.47000000000001,0.0
1435,159.0,1033.0,-51.969999999999985,0.0
1436,159.0,1076.0,-56.269999999999996,0.0
1437,159.0,1036.0,-52.269999999999996,0.0
1438,159.0,1036.0,-52.269999999999996,0.0
1439,159.0,1036.0,-52.27,0.0
1440,160.0,1036.0,-52.269999999999996,0.0
1441,160.0,1189.0,-67.57000000000001,0.0
1442,160.0,1089.0,-57.57,0.0
1443,160.0,1036.0,-52.269999999999996,0.0
1444,160.0,1165.0,-65.16999999999999,0.0
1445,160.0,1069.0,-55.56999999999999,0.0
1446,160.0,1112.0,-59.87000000000001,0.0
1447,160.0,1065.0,-55.16999999999999,0.0
1448,160.0,1129.0,-61.56999999999999,0.0
1449,161.0,1109.0,-59.57000000000001,0.0
1450,161.0,1109.0,-59.57000000000001,0.0
1451,161.0,1112.0,-59.87000000000002,0.0
1452,161.0,1036.0,-52.269999999999996,0.0
1453,161.0,1112.0,-59.86999999999999,0.0
1454,161.0,1104.0,-59.06999999999999,0.0
1455,161.0,1073.0,-55.97,0.0
1456,161.0,1036.0,-52.269999999999996,0.0
1457,161.0,1038.0,-52.46999999999999,0.0
1458,162.0,1046.0,-53.269999999999996,0.0
1459,162.0,1036.0,-52.269999999999996,0.0
1460,162.0,1104.0,-59.07000000000001,0.0
1461,162.0,1035.0,-52.16999999999999,0.0
1462,162.0,1033.0,-51.969999999999985,0.0
1463,162.0,1125.0,-61.17000000000001,0.0
1464,162.0,1115.0,-60.16999999999998,0.0
1465,162.0,1099.0,-58.57000000000001,0.0
1466,162.0,1073.0,-55.97,0.0
1467,163.0,1069.0,-55.56999999999999,0.0
1468,163.0,1195.0,-68.17000000000002,0.0
1469,163.0,1166.0,-65.27000000000001,0.0
1470,163.0,1185.0,-67.17000000000002,0.0
1471,163.0,1069.0,-55.56999999999999,0.0
1472,163.0,1065.0,-55.16999999999999,0.0
1473,163.0,1065.0,-55.16999999999999,0.0
1474,163.0,1036.0,-52.269999999999996,0.0
1475,163.0,1036.0,-52.269999999999996,0.0
1476,164.0,1036.0,-52.269999999999996,0.0
1477,164.0,1036.0,-52.27000000000001,0.0
1478,164.0,1035.0,-52.16999999999999,0.0
1479,164.0,1186.0,-67.26999999999998,0.0
1480,164.0,1036.0,-52.27,0.0
1481,164.0,1206.0,-69.27,0.0
1482,164.0,1069.0,-55.56999999999999,0.0
1483,164.0,1036.0,-52.269999999999996,0.0
1484,164.0,1036.0,-52.269999999999996,0.0
1485,165.0,1036.0,-52.269999999999996,0.0
1486,165.0,1036.0,-52.269999999999996,0.0
1487,165.0,1252.0,-73.87,0.0
1488,165.0,1036.0,-52.269999999999996,0.0
1489,165.0,1067.0,-55.36999999999999,0.0
1490,165.0,1036.0,-52.27,0.0
1491,165.0,1069.0,-55.56999999999999,0.0
1492,165.0,1036.0,-52.27,0.0
1493,165.0,1036.0,-52.27,0.0
1494,166.0,1101.0,-58.769999999999996,0.0
1495,166.0,1036.0,-52.269999999999996,0.0
1496,166.0,1036.0,-52.27,0.0
1497,166.0,1036.0,-52.27,0.0
1498,166.0,1085.0,-57.169999999999995,0.0
1499,166.0,1036.0,-52.269999999999996,0.0
1500,166.0,1036.0,-52.27,0.0
1501,166.0,1206.0,-69.26999999999998,0.0
1502,166.0,1065.0,-55.16999999999999,0.0
1503,167.0,1036.0,-52.269999999999996,0.0
1504,167.0,1036.0,-52.27,0.0
1505,167.0,1125.0,-61.17000000000001,0.0
1506,167.0,1036.0,-52.269999999999996,0.0
1507,167.0,1036.0,-52.27,0.0
1508,167.0,1036.0,-52.269999999999996,0.0
1509,167.0,1036.0,-52.27,0.0
1510,167.0,1034.0,-52.07,0.0
1511,167.0,1036.0,-52.269999999999996,0.0
1512,168.0,1036.0,-52.269999999999996,0.0
1513,168.0,1084.0,-57.07,0.0
1514,168.0,1036.0,-52.27,0.0
1515,168.0,1036.0,-52.27,0.0
1516,168.0,1036.0,-52.269999999999996,0.0
1517,168.0,1036.0,-52.27000000000001,0.0
1518,168.0,1036.0,-52.269999999999996,0.0
1519,168.0,1065.0,-55.16999999999999,0.0
1520,168.0,1036.0,-52.269999999999996,0.0
1521,169.0,1036.0,-52.27000000000001,0.0
1522,169.0,1036.0,-52.27,0.0
1523,169.0,1036.0,-52.269999999999996,0.0
1524,169.0,1036.0,-52.27000000000001,0.0
1525,169.0,1036.0,-52.269999999999996,0.0
1526,169.0,1036.0,-52.27,0.0
1527,169.0,1084.0,-57.07,0.0
1528,169.0,1036.0,-52.27000000000001,0.0
1529,169.0,1036.0,-52.27,0.0
1530,170.0,1128.0,-61.470000000000006,0.0
1531,170.0,1036.0,-52.27,0.0
1532,170.0,1096.0,-58.26999999999998,0.0
1533,170.0,1036.0,-52.27,0.0
1534,170.0,1059.0,-54.57,0.0
1535,170.0,1036.0,-52.269999999999996,0.0
1536,170.0,1036.0,-52.27,0.0
1537,170.0,1036.0,-52.27,0.0
1538,170.0,1336.0,-82.26999999999998,0.0
1539,171.0,1036.0,-52.269999999999996,0.0
1540,171.0,1125.0,-61.17,0.0
1541,171.0,1036.0,-52.269999999999996,0.0
1542,171.0,1084.0,-57.07,0.0
1543,171.0,1036.0,-52.27,0.0
1544,171.0,1036.0,-52.269999999999996,0.0
1545,171.0,1036.0,-52.269999999999996,0.0
1546,171.0,1108.0,-59.47,0.0
1547,171.0,1036.0,-52.269999999999996,0.0
1548,172.0,1036.0,-52.27,0.0
1549,172.0,1036.0,-52.269999999999996,0.0
1550,172.0,1036.0,-52.269999999999996,0.0
1551,172.0,1036.0,-52.27000000000001,0.0
1552,172.0,1036.0,-52.27,0.0
1553,172.0,1036.0,-52.27000000000001,0.0
1554,172.0,1036.0,-52.27,0.0
1555,172.0,1065.0,-55.16999999999999,0.0
1556,172.0,1036.0,-52.269999999999996,0.0
1557,173.0,1036.0,-52.27000000000001,0.0
1558,173.0,1065.0,-55.16999999999999,0.0
1559,173.0,1036.0,-52.269999999999996,0.0
1560,173.0,1036.0,-52.27,0.0
1561,173.0,1036.0,-52.27,0.0
1562,173.0,1036.0,-52.269999999999996,0.0
1563,173.0,1036.0,-52.27,0.0
1564,173.0,1036.0,-52.27,0.0
1565,173.0,1036.0,-52.269999999999996,0.0
1566,174.0,1036.0,-52.269999999999996,0.0
1567,174.0,1036.0,-52.27,0.0
1568,174.0,1036.0,-52.27,0.0
1569,174.0,1059.0,-54.57,0.0
1570,174.0,1036.0,-52.269999999999996,0.0
1571,174.0,1036.0,-52.269999999999996,0.0
1572,174.0,1036.0,-52.27,0.0
1573,174.0,1036.0,-52.269999999999996,0.0
1574,174.0,1108.0,-59.469999999999985,0.0
1575,175.0,1104.0,-59.07000000000001,0.0
1576,175.0,1034.0,-52.069999999999986,0.0
1577,175.0,1036.0,-52.27,0.0
1578,175.0,1036.0,-52.27,0.0
1579,175.0,1036.0,-52.27,0.0
1580,175.0,1036.0,-52.269999999999996,0.0
1581,175.0,1036.0,-52.269999999999996,0.0
1582,175.0,1036.0,-52.269999999999996,0.0
1583,175.0,1036.0,-52.27,0.0
1584,176.0,1036.0,-52.269999999999996,0.0
1585,176.0,1036.0,-52.269999999999996,0.0
1586,176.0,1036.0,-52.269999999999996,0.0
1587,176.0,1036.0,-52.269999999999996,0.0
1588,176.0,1092.0,-57.87000000000002,0.0
1589,176.0,1065.0,-55.16999999999999,0.0
1590,176.0,1065.0,-55.16999999999999,0.0
1591,176.0,1036.0,-52.27,0.0
1592,176.0,1125.0,-61.17000000000001,0.0
1593,177.0,1036.0,-52.27,0.0
1594,177.0,1125.0,-61.17000000000001,0.0
1595,177.0,1036.0,-52.269999999999996,0.0
1596,177.0,1036.0,-52.27000000000001,0.0
1597,177.0,1036.0,-52.269999999999996,0.0
1598,177.0,1036.0,-52.269999999999996,0.0
1599,177.0,1036.0,-52.269999999999996,0.0
1600,177.0,1036.0,-52.27,0.0
1601,177.0,1036.0,-52.269999999999996,0.0
1602,178.0,1036.0,-52.269999999999996,0.0
1603,178.0,1036.0,-52.269999999999996,0.0
1604,178.0,1089.0,-57.57,0.0
1605,178.0,1036.0,-52.27,0.0
1606,178.0,1089.0,-57.57,0.0
1607,178.0,1036.0,-52.269999999999996,0.0
1608,178.0,1036.0,-52.269999999999996,0.0
1609,178.0,1036.0,-52.269999999999996,0.0
1610,178.0,1036.0,-52.269999999999996,0.0
1611,179.0,1036.0,-52.269999999999996,0.0
1612,179.0,1036.0,-52.269999999999996,0.0
1613,179.0,1036.0,-52.269999999999996,0.0
1614,179.0,1036.0,-52.27,0.0
1615,179.0,1036.0,-52.269999999999996,0.0
1616,179.0,1036.0,-52.269999999999996,0.0
1617,179.0,1036.0,-52.269999999999996,0.0
1618,179.0,1036.0,-52.27,0.0
1619,179.0,1036.0,-52.269999999999996,0.0
1620,180.0,1036.0,-52.27000000000001,0.0
1621,180.0,1036.0,-52.269999999999996,0.0
1622,180.0,1092.0,-57.87000000000002,0.0
1623,180.0,1036.0,-52.269999999999996,0.0
1624,180.0,1036.0,-52.27000000000001,0.0
1625,180.0,1036.0,-52.269999999999996,0.0
1626,180.0,1036.0,-52.27,0.0
1627,180.0,1036.0,-52.269999999999996,0.0
1628,180.0,1036.0,-52.27,0.0
1629,181.0,1036.0,-52.269999999999996,0.0
1630,181.0,1036.0,-52.269999999999996,0.0
1631,181.0,1036.0,-52.269999999999996,0.0
1632,181.0,1036.0,-52.269999999999996,0.0
1633,181.0,1036.0,-52.269999999999996,0.0
1634,181.0,1036.0,-52.269999999999996,0.0
1635,181.0,1036.0,-52.269999999999996,0.0
1636,181.0,1036.0,-52.269999999999996,0.0
1637,181.0,1036.0,-52.269999999999996,0.0
1638,182.0,1036.0,-52.269999999999996,0.0
1639,182.0,1036.0,-52.27000000000001,0.0
1640,182.0,1036.0,-52.269999999999996,0.0
1641,182.0,1173.0,-65.96999999999998,0.0
1642,182.0,1036.0,-52.27,0.0
1643,182.0,1036.0,-52.269999999999996,0.0
1644,182.0,1128.0,-61.47000000000001,0.0
1645,182.0,1069.0,-55.56999999999999,0.0
1646,182.0,1036.0,-52.27000000000001,0.0
1647,183.0,1036.0,-52.269999999999996,0.0
1648,183.0,1125.0,-61.170000000000016,0.0
1649,183.0,1036.0,-52.269999999999996,0.0
1650,183.0,1036.0,-52.27,0.0
1651,183.0,1036.0,-52.269999999999996,0.0
1652,183.0,1036.0,-52.269999999999996,0.0
1653,183.0,1036.0,-52.269999999999996,0.0
1654,183.0,1036.0,-52.269999999999996,0.0
1655,183.0,1038.0,-52.46999999999999,0.0
1656,184.0,1036.0,-52.269999999999996,0.0
1657,184.0,1128.0,-61.47,0.0
1658,184.0,1036.0,-52.269999999999996,0.0
1659,184.0,1036.0,-52.269999999999996,0.0
1660,184.0,1036.0,-52.27,0.0
1661,184.0,1084.0,-57.06999999999999,0.0
1662,184.0,1036.0,-52.269999999999996,0.0
1663,184.0,1036.0,-52.27,0.0
1664,184.0,1036.0,-52.269999999999996,0.0
1665,185.0,1036.0,-52.269999999999996,0.0
1666,185.0,1036.0,-52.269999999999996,0.0
1667,185.0,1036.0,-52.269999999999996,0.0
1668,185.0,1036.0,-52.27,0.0
1669,185.0,1129.0,-61.56999999999999,0.0
1670,185.0,1036.0,-52.269999999999996,0.0
1671,185.0,1036.0,-52.27,0.0
1672,185.0,1036.0,-52.269999999999996,0.0
1673,185.0,1036.0,-52.27,0.0
1674,186.0,1036.0,-52.27,0.0
1675,186.0,1036.0,-52.27,0.0
1676,186.0,1036.0,-52.27,0.0
1677,186.0,1036.0,-52.269999999999996,0.0
1678,186.0,1036.0,-52.269999999999996,0.0
1679,186.0,1036.0,-52.27,0.0
1680,186.0,1036.0,-52.269999999999996,0.0
1681,186.0,1183.0,-66.96999999999998,0.0
1682,186.0,1054.0,-54.07,0.0
1683,187.0,1036.0,-52.269999999999996,0.0
1684,187.0,1036.0,-52.27,0.0
1685,187.0,1036.0,-52.269999999999996,0.0
1686,187.0,1036.0,-52.269999999999996,0.0
1687,187.0,1036.0,-52.27,0.0
1688,187.0,1036.0,-52.269999999999996,0.0
1689,187.0,1036.0,-52.269999999999996,0.0
1690,187.0,1036.0,-52.269999999999996,0.0
1691,187.0,1036.0,-52.269999999999996,0.0
1692,188.0,1036.0,-52.27,0.0
1693,188.0,1036.0,-52.27,0.0
1694,188.0,1036.0,-52.27,0.0
1695,188.0,1036.0,-52.27,0.0
1696,188.0,1036.0,-52.27,0.0
1697,188.0,1209.0,-69.57000000000002,0.0
1698,188.0,1035.0,-52.16999999999999,0.0
1699,188.0,1036.0,-52.27,0.0
1700,188.0,1036.0,-52.27,0.0
1701,189.0,1104.0,-59.07000000000001,0.0
1702,189.0,1036.0,-52.269999999999996,0.0
1703,189.0,1036.0,-52.269999999999996,0.0
1704,189.0,1125.0,-61.17,0.0
1705,189.0,1036.0,-52.27,0.0
1706,189.0,1036.0,-52.27,0.0
1707,189.0,1035.0,-52.16999999999999,0.0
1708,189.0,1035.0,-52.16999999999999,0.0
1709,189.0,1036.0,-52.269999999999996,0.0
1710,190.0,1036.0,-52.269999999999996,0.0
1711,190.0,1036.0,-52.269999999999996,0.0
1712,190.0,1036.0,-52.269999999999996,0.0
1713,190.0,1050.0,-53.67000000000001,0.0
1714,190.0,1036.0,-52.27,0.0
1715,190.0,1034.0,-52.069999999999986,0.0
1716,190.0,1036.0,-52.269999999999996,0.0
1717,190.0,1036.0,-52.27,0.0
1718,190.0,1036.0,-52.269999999999996,0.0
1719,191.0,1036.0,-52.269999999999996,0.0
1720,191.0,1036.0,-52.27,0.0
1721,191.0,1036.0,-52.269999999999996,0.0
1722,191.0,1108.0,-59.469999999999985,0.0
1723,191.0,1036.0,-52.27,0.0
1724,191.0,1036.0,-52.27000000000001,0.0
1725,191.0,1035.0,-52.16999999999999,0.0
1726,191.0,1036.0,-52.269999999999996,0.0
1727,191.0,1036.0,-52.269999999999996,0.0
1728,192.0,1036.0,-52.269999999999996,0.0
1729,192.0,1036.0,-52.27,0.0
1730,192.0,1036.0,-52.269999999999996,0.0
1731,192.0,1036.0,-52.27,0.0
1732,192.0,1252.0,-73.86999999999999,0.0
1733,192.0,1036.0,-52.27,0.0
1734,192.0,1036.0,-52.269999999999996,0.0
1735,192.0,1036.0,-52.27,0.0
1736,192.0,1036.0,-52.27,0.0
1737,193.0,1109.0,-59.570000000000014,0.0
1738,193.0,1036.0,-52.269999999999996,0.0
1739,193.0,1036.0,-52.27,0.0
1740,193.0,1036.0,-52.27,0.0
1741,193.0,1036.0,-52.27,0.0
1742,193.0,1036.0,-52.27,0.0
1743,193.0,1036.0,-52.269999999999996,0.0
1744,193.0,1036.0,-52.27,0.0
1745,193.0,1036.0,-52.27,0.0
1746,194.0,1036.0,-52.27,0.0
1747,194.0,1036.0,-52.27,0.0
1748,194.0,1036.0,-52.27,0.0
1749,194.0,1036.0,-52.27,0.0
1750,194.0,1036.0,-52.269999999999996,0.0
1751,194.0,1036.0,-52.27,0.0
1752,194.0,1036.0,-52.27,0.0
1753,194.0,1036.0,-52.27,0.0
1754,194.0,1036.0,-52.27,0.0
1755,195.0,1036.0,-52.27,0.0
1756,195.0,1036.0,-52.269999999999996,0.0
1757,195.0,1036.0,-52.27,0.0
1758,195.0,1036.0,-52.269999999999996,0.0
1759,195.0,1036.0,-52.269999999999996,0.0
1760,195.0,1036.0,-52.269999999999996,0.0
1761,195.0,1036.0,-52.27,0.0
1762,195.0,1036.0,-52.269999999999996,0.0
1763,195.0,1036.0,-52.269999999999996,0.0
1764,196.0,1076.0,-56.27,0.0
1765,196.0,1036.0,-52.269999999999996,0.0
1766,196.0,1036.0,-52.269999999999996,0.0
1767,196.0,1036.0,-52.27,0.0
1768,196.0,1036.0,-52.269999999999996,0.0
1769,196.0,1036.0,-52.269999999999996,0.0
1770,196.0,1036.0,-52.27,0.0
1771,196.0,1036.0,-52.27,0.0
1772,196.0,1036.0,-52.27,0.0
1773,197.0,1036.0,-52.269999999999996,0.0
1774,197.0,1036.0,-52.27,0.0
1775,197.0,1036.0,-52.27,0.0
1776,197.0,1034.0,-52.069999999999986,0.0
1777,197.0,1036.0,-52.27,0.0
1778,197.0,1036.0,-52.27,0.0
1779,197.0,1036.0,-52.269999999999996,0.0
1780,197.0,1036.0,-52.269999999999996,0.0
1781,197.0,1036.0,-52.269999999999996,0.0
1782,198.0,1036.0,-52.27,0.0
1783,198.0,1115.0,-60.16999999999998,0.0
1784,198.0,1069.0,-55.56999999999999,0.0
1785,198.0,1036.0,-52.27,0.0
1786,198.0,1036.0,-52.269999999999996,0.0
1787,198.0,1036.0,-52.269999999999996,0.0
1788,198.0,1036.0,-52.27,0.0
1789,198.0,1036.0,-52.27,0.0
1790,198.0,1036.0,-52.269999999999996,0.0
1791,199.0,1036.0,-52.27,0.0
1792,199.0,1036.0,-52.269999999999996,0.0
1793,199.0,1036.0,-52.269999999999996,0.0
1794,199.0,1036.0,-52.27,0.0
1795,199.0,1036.0,-52.269999999999996,0.0
1796,199.0,1036.0,-52.269999999999996,0.0
1797,199.0,1073.0,-55.97,0.0
1798,199.0,1036.0,-52.269999999999996,0.0
1799,199.0,1036.0,-52.27,0.0
1800,200.0,1036.0,-52.27,0.0
1801,200.0,1036.0,-52.269999999999996,0.0
1802,200.0,1036.0,-52.269999999999996,0.0
1803,200.0,1036.0,-52.27,0.0
1804,200.0,1036.0,-52.269999999999996,0.0
1805,200.0,1036.0,-52.269999999999996,0.0
1806,200.0,1036.0,-52.269999999999996,0.0
1807,200.0,1036.0,-52.269999999999996,0.0
1808,200.0,1036.0,-52.27,0.0
1809,201.0,1036.0,-52.27,0.0
1810,201.0,1036.0,-52.27,0.0
1811,201.0,1036.0,-52.27,0.0
1812,201.0,1036.0,-52.27,0.0
1813,201.0,1036.0,-52.27,0.0
1814,201.0,1036.0,-52.269999999999996,0.0
1815,201.0,1036.0,-52.27,0.0
1816,201.0,1036.0,-52.269999999999996,0.0
1817,201.0,1035.0,-52.16999999999999,0.0
1818,202.0,1034.0,-52.07,0.0
1819,202.0,1036.0,-52.269999999999996,0.0
1820,202.0,1036.0,-52.269999999999996,0.0
1821,202.0,1096.0,-58.26999999999998,0.0
1822,202.0,1036.0,-52.27,0.0
1823,202.0,1036.0,-52.27,0.0
1824,202.0,1036.0,-52.269999999999996,0.0
1825,202.0,1036.0,-52.269999999999996,0.0
1826,202.0,1036.0,-52.27,0.0
1827,203.0,1035.0,-52.16999999999997,0.0
1828,203.0,1036.0,-52.27,0.0
1829,203.0,1036.0,-52.27,0.0
1830,203.0,1036.0,-52.27,0.0
1831,203.0,1036.0,-52.269999999999996,0.0
1832,203.0,1036.0,-52.27,0.0
1833,203.0,1036.0,-52.269999999999996,0.0
1834,203.0,1070.0,-55.67,0.0
1835,203.0,1036.0,-52.27,0.0
1836,204.0,1036.0,-52.27,0.0
1837,204.0,1036.0,-52.27,0.0
1838,204.0,1036.0,-52.27,0.0
1839,204.0,1036.0,-52.27,0.0
1840,204.0,1036.0,-52.27,0.0
1841,204.0,1036.0,-52.27,0.0
1842,204.0,1036.0,-52.269999999999996,0.0
1843,204.0,1036.0,-52.269999999999996,0.0
1844,204.0,1036.0,-52.27,0.0
1845,205.0,1036.0,-52.269999999999996,0.0
1846,205.0,1036.0,-52.27,0.0
1847,205.0,1036.0,-52.269999999999996,0.0
1848,205.0,1036.0,-52.269999999999996,0.0
1849,205.0,1036.0,-52.27,0.0
1850,205.0,1036.0,-52.269999999999996,0.0
1851,205.0,1036.0,-52.27,0.0
1852,205.0,1036.0,-52.27,0.0
1853,205.0,1036.0,-52.269999999999996,0.0
1854,206.0,1036.0,-52.269999999999996,0.0
1855,206.0,1036.0,-52.27,0.0
1856,206.0,1036.0,-52.27,0.0
1857,206.0,1036.0,-52.27,0.0
1858,206.0,1036.0,-52.27,0.0
1859,206.0,1036.0,-52.269999999999996,0.0
1860,206.0,1036.0,-52.27,0.0
1861,206.0,1036.0,-52.269999999999996,0.0
1862,206.0,1036.0,-52.27,0.0
1863,207.0,1084.0,-57.06999999999999,0.0
1864,207.0,1036.0,-52.27,0.0
1865,207.0,1036.0,-52.27,0.0
1866,207.0,1036.0,-52.269999999999996,0.0
1867,207.0,1036.0,-52.27,0.0
1868,207.0,1036.0,-52.27,0.0
1869,207.0,1036.0,-52.27,0.0
1870,207.0,1036.0,-52.269999999999996,0.0
1871,207.0,1036.0,-52.269999999999996,0.0
1872,208.0,1036.0,-52.269999999999996,0.0
1873,208.0,1036.0,-52.27,0.0
1874,208.0,1036.0,-52.27,0.0
1875,208.0,1036.0,-52.27,0.0
1876,208.0,1036.0,-52.269999999999996,0.0
1877,208.0,1036.0,-52.27,0.0
1878,208.0,1036.0,-52.27,0.0
1879,208.0,1036.0,-52.269999999999996,0.0
1880,208.0,1036.0,-52.27,0.0
1881,209.0,1036.0,-52.269999999999996,0.0
1882,209.0,1036.0,-52.27,0.0
1883,209.0,1036.0,-52.27,0.0
1884,209.0,1036.0,-52.27,0.0
1885,209.0,1036.0,-52.27,0.0
1886,209.0,1036.0,-52.27,0.0
1887,209.0,1036.0,-52.269999999999996,0.0
1888,209.0,1036.0,-52.269999999999996,0.0
1889,209.0,1036.0,-52.27,0.0
1890,210.0,1036.0,-52.27,0.0
1891,210.0,1036.0,-52.269999999999996,0.0
1892,210.0,1036.0,-52.269999999999996,0.0
1893,210.0,1036.0,-52.27,0.0
1894,210.0,1059.0,-54.56999999999999,0.0
1895,210.0,1036.0,-52.269999999999996,0.0
1896,210.0,1036.0,-52.269999999999996,0.0
1897,210.0,1036.0,-52.27,0.0
1898,210.0,1034.0,-52.069999999999986,0.0
1899,211.0,1036.0,-52.269999999999996,0.0
1900,211.0,1036.0,-52.269999999999996,0.0
1901,211.0,1036.0,-52.27,0.0
1902,211.0,1104.0,-59.06999999999999,0.0
1903,211.0,1036.0,-52.27,0.0
1904,211.0,1035.0,-52.16999999999999,0.0
1905,211.0,1036.0,-52.27,0.0
1906,211.0,1036.0,-52.27,0.0
1907,211.0,1096.0,-58.269999999999975,0.0
1908,212.0,1134.0,-62.07000000000001,0.0
1909,212.0,1036.0,-52.27,0.0
1910,212.0,1036.0,-52.27,0.0
1911,212.0,1036.0,-52.269999999999996,0.0
1912,212.0,1126.0,-61.26999999999998,0.0
1913,212.0,1036.0,-52.27,0.0
1914,212.0,1036.0,-52.269999999999996,0.0
1915,212.0,1036.0,-52.27,0.0
1916,212.0,1036.0,-52.27,0.0
1917,213.0,1036.0,-52.27,0.0
1918,213.0,1036.0,-52.27,0.0
1919,213.0,1036.0,-52.269999999999996,0.0
1920,213.0,1036.0,-52.27,0.0
1921,213.0,1073.0,-55.97,0.0
1922,213.0,1036.0,-52.27,0.0
1923,213.0,1036.0,-52.269999999999996,0.0
1924,213.0,1036.0,-52.27,0.0
1925,213.0,1036.0,-52.269999999999996,0.0
1926,214.0,1036.0,-52.27,0.0
1927,214.0,1036.0,-52.27,0.0
1928,214.0,1036.0,-52.27,0.0
1929,214.0,1036.0,-52.27,0.0
1930,214.0,1036.0,-52.269999999999996,0.0
1931,214.0,1036.0,-52.27,0.0
1932,214.0,1036.0,-52.269999999999996,0.0
1933,214.0,1084.0,-57.07,0.0
1934,214.0,1036.0,-52.27,0.0
1935,215.0,1036.0,-52.269999999999996,0.0
1936,215.0,1038.0,-52.46999999999999,0.0
1937,215.0,1036.0,-52.27,0.0
1938,215.0,1036.0,-52.27,0.0
1939,215.0,1036.0,-52.269999999999996,0.0
1940,215.0,1036.0,-52.27,0.0
1941,215.0,1036.0,-52.269999999999996,0.0
1942,215.0,1036.0,-52.269999999999996,0.0
1943,215.0,1036.0,-52.269999999999996,0.0
1944,216.0,1036.0,-52.27,0.0
1945,216.0,1036.0,-52.27,0.0
1946,216.0,1036.0,-52.27,0.0
1947,216.0,1036.0,-52.269999999999996,0.0
1948,216.0,1036.0,-52.27,0.0
1949,216.0,1036.0,-52.269999999999996,0.0
1950,216.0,1034.0,-52.069999999999986,0.0
1951,216.0,1036.0,-52.269999999999996,0.0
1952,216.0,1036.0,-52.27,0.0
1953,217.0,1084.0,-57.069999999999986,0.0
1954,217.0,1036.0,-52.27,0.0
1955,217.0,1036.0,-52.27,0.0
1956,217.0,1036.0,-52.269999999999996,0.0
1957,217.0,1036.0,-52.269999999999996,0.0
1958,217.0,1036.0,-52.27,0.0
1959,217.0,1036.0,-52.269999999999996,0.0
1960,217.0,1035.0,-52.16999999999999,0.0
1961,217.0,1036.0,-52.27,0.0
1962,218.0,1036.0,-52.27,0.0
1963,218.0,1036.0,-52.27,0.0
1964,218.0,1036.0,-52.269999999999996,0.0
1965,218.0,1174.0,-66.07,0.0
1966,218.0,1036.0,-52.27,0.0
1967,218.0,1035.0,-52.16999999999999,0.0
1968,218.0,1036.0,-52.27,0.0
1969,218.0,1036.0,-52.269999999999996,0.0
1970,218.0,1036.0,-52.27,0.0
1971,219.0,1036.0,-52.27,0.0
1972,219.0,1036.0,-52.27,0.0
1973,219.0,1036.0,-52.27,0.0
1974,219.0,1036.0,-52.269999999999996,0.0
1975,219.0,1036.0,-52.269999999999996,0.0
1976,219.0,1036.0,-52.269999999999996,0.0
1977,219.0,1036.0,-52.27,0.0
1978,219.0,1036.0,-52.27,0.0
1979,219.0,1036.0,-52.27,0.0
1980,220.0,1036.0,-52.27,0.0
1981,220.0,1036.0,-52.27,0.0
1982,220.0,1036.0,-52.269999999999996,0.0
1983,220.0,1036.0,-52.27,0.0
1984,220.0,1036.0,-52.27,0.0
1985,220.0,1036.0,-52.269999999999996,0.0
1986,220.0,1036.0,-52.269999999999996,0.0
1987,220.0,1036.0,-52.27,0.0
1988,220.0,1036.0,-52.269999999999996,0.0
1989,221.0,1036.0,-52.27,0.0
1990,221.0,1036.0,-52.27,0.0
1991,221.0,1036.0,-52.27,0.0
1992,221.0,1036.0,-52.27,0.0
1993,221.0,1036.0,-52.27,0.0
1994,221.0,1036.0,-52.269999999999996,0.0
1995,221.0,1036.0,-52.269999999999996,0.0
1996,221.0,1036.0,-52.269999999999996,0.0
1997,221.0,1036.0,-52.27,0.0
